{
	"tempHash": "00C125F564ACE981",
	"tbluHash": "00FCACE39B79DD4E",
	"rootEntity": "ed3b0d47d27b6b58",
	"entities": {
		"84452438e11293ab": {
			"parent": "ed3b0d47d27b6b58",
			"name": "TimerRandom",
			"template": "[assembly:/_pro/design/logic.template?/timerrandom.entitytemplate].pc_entitytype",
			"blueprint": "[assembly:/_pro/design/logic.template?/timerrandom.entitytemplate].pc_entityblueprint",
			"properties": {
				"m_bEnabled": {
					"type": "bool",
					"value": false
				},
				"m_fMinTime": {
					"type": "float32",
					"value": 0.10000000149011612
				},
				"m_fMaxTime": {
					"type": "float32",
					"value": 0.30000001192092898
				}
			},
			"postInitProperties": {},
			"editorOnly": false,
			"platformSpecificPropertyValues": [],
			"events": [{
				"onEvent": "TimeOut",
				"shouldTrigger": "Stop",
				"onEntity": "84452438e11293ab"
			}]
		},
		"4412fc0799cb580e": {
			"parent": "ed3b0d47d27b6b58",
			"name": "MassImpulseListener",
			"template": "[modules:/zmassimpulselistenerentity.class].pc_entitytype",
			"blueprint": "[modules:/zmassimpulselistenerentity.class].pc_entityblueprint",
			"properties": {
				"m_bAffectedByExplosionEffectRadius": {
					"type": "bool",
					"value": false
				}
			},
			"postInitProperties": {
				"m_aPhysicsAccessors": {
					"type": "TArray<SEntityTemplateReference>",
					"value": ["18d7b10e7790e943"]
				}
			},
			"editorOnly": false,
			"platformSpecificPropertyValues": [],
			"events": [{
				"onEvent": "OnHitByImpulse",
				"shouldTrigger": "DisableImpulseListener",
				"onEntity": "4412fc0799cb580e"
			}, {
				"onEvent": "OnHitByImpulse",
				"shouldTrigger": "Start",
				"onEntity": "84452438e11293ab"
			}]
		},
		"18d7b10e7790e943": {
			"parent": "ed3b0d47d27b6b58",
			"name": "ItemArt_Phone_B_Explosive",
			"template": "[assembly:/_pro/items/templates/ica/phone_a.template?/itemart_phone_b_explosive.entitytemplate].pc_entitytype",
			"blueprint": "[assembly:/_pro/items/templates/ica/phone_a.template?/itemart_phone_b_explosive.entitytemplate].pc_entityblueprint",
			"properties": {
				"m_mTransform": {
					"type": "SMatrix43",
					"value": {
						"rotation": {
							"x": 0.0,
							"y": 0.0,
							"z": 0.0
						},
						"position": {
							"x": 0.0,
							"y": 0.0,
							"z": 0.0
						}
					}
				}
			},
			"postInitProperties": {
				"m_eidParent": {
					"type": "SEntityTemplateReference",
					"value": "ed3b0d47d27b6b58"
				}
			},
			"editorOnly": false,
			"platformSpecificPropertyValues": []
		},
		"400b3e1a2c6e6ae3": {
			"parent": "ed3b0d47d27b6b58",
			"name": "keyword_ITEMRULE_LEGAL",
			"template": "[assembly:/_pro/design/gamecore/keywords/keyworditems.template?/keyword_itemrule_legal.entitytemplate].pc_entitytype",
			"blueprint": "[assembly:/_pro/design/gamecore/keywords/keyworditems.template?/keyword_itemrule_legal.entitytemplate].pc_entityblueprint",
			"properties": {
				"m_aHolders": {
					"type": "TArray<SEntityTemplateReference>",
					"value": ["18d7b10e7790e943"]
				}
			},
			"postInitProperties": {},
			"editorOnly": false,
			"platformSpecificPropertyValues": []
		},
		"2958c7a81fadccd": {
			"parent": "ed3b0d47d27b6b58",
			"name": "Signal_Disarm",
			"template": "[modules:/zsignalpipeentity_void.class].pc_entitytype",
			"blueprint": "[modules:/zsignalpipeentity_void.class].pc_entityblueprint",
			"properties": {},
			"postInitProperties": {},
			"editorOnly": false,
			"platformSpecificPropertyValues": [],
			"events": [{
				"onEvent": "Out",
				"shouldTrigger": "Disarm",
				"onEntity": "ea83f6e5c0f6c610"
			}]
		},
		"e9f3045d8b26289f": {
			"parent": "ed3b0d47d27b6b58",
			"name": "Signal_Arm",
			"template": "[modules:/zsignalpipeentity_void.class].pc_entitytype",
			"blueprint": "[modules:/zsignalpipeentity_void.class].pc_entityblueprint",
			"properties": {},
			"postInitProperties": {},
			"editorOnly": false,
			"platformSpecificPropertyValues": [],
			"events": [{
				"onEvent": "Out",
				"shouldTrigger": "Arm",
				"onEntity": "ea83f6e5c0f6c610"
			}]
		},
		"6a779391cbae5de8": {
			"parent": "ed3b0d47d27b6b58",
			"name": "BeaconSpatial",
			"template": "[modules:/zspatialentity.class].pc_entitytype",
			"blueprint": "[modules:/zspatialentity.class].pc_entityblueprint",
			"properties": {
				"m_mTransform": {
					"type": "SMatrix43",
					"value": {
						"rotation": {
							"x": 0.0,
							"y": 0.0,
							"z": 0.0
						},
						"position": {
							"x": 0.0,
							"y": 0.0,
							"z": 0.019999999552965165
						}
					}
				},
				"m_eidParent": {
					"type": "SEntityTemplateReference",
					"value": "18d7b10e7790e943"
				}
			},
			"postInitProperties": {},
			"editorOnly": false,
			"platformSpecificPropertyValues": []
		},
		"f8278cc727d75eec": {
			"parent": "ed3b0d47d27b6b58",
			"name": "Keyword_WEAPON_DELIVERYTYPE_REMOTE",
			"template": "[assembly:/_pro/design/gamecore/keywords/keywordweapondescriptors.template?/keyword_weapon_deliverytype_remote.entitytemplate].pc_entitytype",
			"blueprint": "[assembly:/_pro/design/gamecore/keywords/keywordweapondescriptors.template?/keyword_weapon_deliverytype_remote.entitytemplate].pc_entityblueprint",
			"properties": {
				"m_aHolders": {
					"type": "TArray<SEntityTemplateReference>",
					"value": ["18d7b10e7790e943"]
				}
			},
			"postInitProperties": {},
			"editorOnly": false,
			"platformSpecificPropertyValues": []
		},
		"3e19f9220afbbb72": {
			"parent": "ed3b0d47d27b6b58",
			"name": "ItemHelpers_GripPose_Phone",
			"template": "[assembly:/_pro/design/gamecore/itemhelpers_grippose.template?/itemhelpers_grippose_phone.entitytemplate].pc_entitytype",
			"blueprint": "[assembly:/_pro/design/gamecore/itemhelpers_grippose.template?/itemhelpers_grippose_phone.entitytemplate].pc_entityblueprint",
			"properties": {},
			"postInitProperties": {},
			"editorOnly": false,
			"platformSpecificPropertyValues": []
		},
		"ea83f6e5c0f6c610": {
			"parent": "ed3b0d47d27b6b58",
			"name": "PropHelper_ICA_Trigger_Phone",
			"template": "001F600762DCC2FB",
			"blueprint": "00881C513DDD0688",
			"properties": {
				"m_mTransform": {
					"type": "SMatrix43",
					"value": {
						"rotation": {
							"x": 0.0,
							"y": 0.0,
							"z": 0.0
						},
						"position": {
							"x": 0.0,
							"y": 0.0,
							"z": 0.005138999782502651
						}
					}
				},
				"m_pSpatial": {
					"type": "SEntityTemplateReference",
					"value": "18d7b10e7790e943"
				},
				"m_eidParent": {
					"type": "SEntityTemplateReference",
					"value": "18d7b10e7790e943"
				},
				"m_rPromptTextResource": {
					"type": "ZRuntimeResourceID",
					"value": {
						"resource": "[assembly:/localization/hitman6/conversations/ui/pro/setpieces.sweetmenutext?/setpieces_localization_prompt_callphone.sweetline].pc_sweetline",
						"flag": "5F"
					}
				},
				"m_rPromptDescriptionTextResource": {
					"type": "ZRuntimeResourceID",
					"value": {
						"resource": "007C2E79A2CAC9F5",
						"flag": "5F"
					}
				}
			},
			"postInitProperties": {
				"ItemDestroyedCondition": {
					"type": "SEntityTemplateReference",
					"value": {
						"ref": "8d23277153095885",
						"externalScene": null,
						"exposedEntity": "ItemDestroyed"
					}
				},
				"m_aItemInHand": {
					"type": "TArray<SEntityTemplateReference>",
					"value": [{
						"ref": "8d23277153095885",
						"externalScene": null,
						"exposedEntity": "IsEquipped"
					}]
				},
				"m_pSender": {
					"type": "SEntityTemplateReference",
					"value": {
						"ref": "8d23277153095885",
						"externalScene": null,
						"exposedEntity": "HM5ItemCCWeapon"
					}
				},
				"m_rItem": {
					"type": "SEntityTemplateReference",
					"value": "8d23277153095885"
				},
				"m_rChannelToken": {
					"type": "SEntityTemplateReference",
					"value": "905452468b4fb71b"
				}
			},
			"editorOnly": false,
			"platformSpecificPropertyValues": [],
			"events": [{
				"onEvent": "OnOwnedByNPC",
				"shouldTrigger": "RequestOwner",
				"onEntity": "8d23277153095885"
			}, {
				"onEvent": "RingToneOn",
				"shouldTrigger": "Get",
				"onEntity": "abcd0f085b0454eb"
			}, {
				"onEvent": "OnOwnedByNPC",
				"shouldTrigger": "Get",
				"onEntity": "abcd0f085b0454eb"
			}]
		},
		"8d23277153095885": {
			"parent": "ed3b0d47d27b6b58",
			"name": "ItemCoreNoPhys",
			"template": "[assembly:/_pro/design/gamecore/itemcore.template?/itemcorenophys.entitytemplate].pc_entitytype",
			"blueprint": "[assembly:/_pro/design/gamecore/itemcore.template?/itemcorenophys.entitytemplate].pc_entityblueprint",
			"properties": {
				"m_eInvestigateSoundDef": {
					"type": "EActorSoundDefs",
					"value": "Gen_SrpsLow"
				},
				"m_PosHandAttach": {
					"type": "SEntityTemplateReference",
					"value": {
						"ref": "18d7b10e7790e943",
						"externalScene": null,
						"exposedEntity": "HandAttacherSpatial"
					}
				},
				"m_rGeomentity": {
					"type": "SEntityTemplateReference",
					"value": "18d7b10e7790e943"
				},
				"m_rBeaconSpatial": {
					"type": "SEntityTemplateReference",
					"value": "6a779391cbae5de8"
				},
				"m_pVariationResource": {
					"type": "SEntityTemplateReference",
					"value": "3e19f9220afbbb72"
				},
				"m_aSubactions": {
					"type": "TArray<SEntityTemplateReference>",
					"value": ["ea83f6e5c0f6c610"]
				},
				"m_PosPlacementAttach": {
					"type": "SEntityTemplateReference",
					"value": {
						"ref": "18d7b10e7790e943",
						"externalScene": null,
						"exposedEntity": "PropHelper_Item_Placement"
					}
				}
			},
			"postInitProperties": {},
			"editorOnly": false,
			"platformSpecificPropertyValues": [],
			"events": [{
				"onEvent": "ReportOwner",
				"shouldTrigger": "AddActor",
				"onEntity": "ea83f6e5c0f6c610"
			}, {
				"onEvent": "OwnedByNPC",
				"shouldTrigger": "OnNPCPickup",
				"onEntity": "ea83f6e5c0f6c610"
			}, {
				"onEvent": "OnEquip",
				"shouldTrigger": "Item_Equipped",
				"onEntity": "21dc68e25cc76ed"
			}, {
				"onEvent": "OnUnEquip",
				"shouldTrigger": "Item_UnEquipped",
				"onEntity": "21dc68e25cc76ed"
			}, {
				"onEvent": "OnPlaced",
				"shouldTrigger": "ItemPlaced",
				"onEntity": "21dc68e25cc76ed"
			}, {
				"onEvent": "OnDropByHero",
				"shouldTrigger": "In",
				"onEntity": "e9f3045d8b26289f"
			}, {
				"onEvent": "OwnedByHitman",
				"shouldTrigger": "In",
				"onEntity": "2958c7a81fadccd"
			}, {
				"onEvent": "OnDrop",
				"shouldTrigger": "OnNPCDrop",
				"onEntity": "ea83f6e5c0f6c610"
			}, {
				"onEvent": "OnThrown",
				"shouldTrigger": "In",
				"onEntity": "e9f3045d8b26289f"
			}, {
				"onEvent": "OnPlaced",
				"shouldTrigger": "In",
				"onEntity": "e9f3045d8b26289f"
			}, {
				"onEvent": "OnPutInContainer",
				"shouldTrigger": "In",
				"onEntity": "2958c7a81fadccd"
			}, {
				"onEvent": "OnEquip",
				"shouldTrigger": "In",
				"onEntity": "abcd7ae99dc1a780"
			}, {
				"onEvent": "OnUnEquip",
				"shouldTrigger": "In",
				"onEntity": "abcd37ca5ebaf717"
			}, {
				"onEvent": "OnPlaced",
				"shouldTrigger": "In",
				"onEntity": "abcd37ca5ebaf717"
			}, {
				"onEvent": "OnDropByHero",
				"shouldTrigger": "In",
				"onEntity": "abcd37ca5ebaf717"
			}, {
				"onEvent": "OnDrop",
				"shouldTrigger": "In",
				"onEntity": "abcd37ca5ebaf717"
			}, {
				"onEvent": "OnThrown",
				"shouldTrigger": "In",
				"onEntity": "abcd37ca5ebaf717"
			}]
		},
		"905452468b4fb71b": {
			"parent": "ed3b0d47d27b6b58",
			"name": "RemoteChannel_Device_ICA_Phone_Explosive",
			"template": "[assembly:/_pro/design/gamecore/remotechannels/remotechannels.template?/remotechannel_device_ica_phone_explosive.entitytemplate].pc_entitytype",
			"blueprint": "[assembly:/_pro/design/gamecore/remotechannels/remotechannels.template?/remotechannel_device_ica_phone_explosive.entitytemplate].pc_entityblueprint",
			"properties": {},
			"postInitProperties": {},
			"editorOnly": false,
			"platformSpecificPropertyValues": []
		},
		"ed3b0d47d27b6b58": {
			"parent": null,
			"name": "Prop_Device_ICA_Phone_Explosive",
			"template": "[modules:/zcompositeentity.class].pc_entitytype",
			"blueprint": "[modules:/zcompositeentity.class].pc_entityblueprint",
			"properties": {
				"m_mTransform": {
					"type": "SMatrix43",
					"value": {
						"rotation": {
							"x": 0.0,
							"y": 0.0,
							"z": 0.0
						},
						"position": {
							"x": 7.642643928527832,
							"y": 0.0,
							"z": 0.0
						}
					}
				}
			},
			"postInitProperties": {},
			"editorOnly": false,
			"platformSpecificPropertyValues": [],
			"exposedEntities": [{
				"name": "Geometry",
				"isArray": false,
				"targets": ["18d7b10e7790e943"]
			}],
			"exposedInterfaces": [
				["ZHM5Item", "8d23277153095885"],
				["IItem", "8d23277153095885"],
				["IItemBase", "8d23277153095885"]
			],
			"entitySubsets": [
				["AudioEmitters", {
					"entities": ["ce69d1fdb4af254e"]
				}],
				["Replicable", {
					"entities": ["8d23277153095885"]
				}]
			]
		},
		"9747503f82b288c1": {
			"parent": "ed3b0d47d27b6b58",
			"name": "FX_E_Explosion_C4_Medium",
			"template": "[assembly:/_pro/effects/templates/fire/fx_explosions.template?/fx_e_explosion_c4_medium.entitytemplate].pc_entitytype",
			"blueprint": "[assembly:/_pro/effects/templates/fire/fx_explosions.template?/fx_e_explosion_c4_medium.entitytemplate].pc_entityblueprint",
			"properties": {
				"m_mTransform": {
					"type": "SMatrix43",
					"value": {
						"rotation": {
							"x": 0.0,
							"y": 0.0,
							"z": 0.0
						},
						"position": {
							"x": 0.0,
							"y": 0.0,
							"z": 0.0
						}
					}
				},
				"m_eidParent": {
					"type": "SEntityTemplateReference",
					"value": "18d7b10e7790e943"
				}
			},
			"postInitProperties": {},
			"editorOnly": false,
			"platformSpecificPropertyValues": []
		},
		"ce69d1fdb4af254e": {
			"parent": "ed3b0d47d27b6b58",
			"name": "3DAudioEmitter_Phone_B_Explosive",
			"template": "[assembly:/templates/sound/wwise/soundentities.template?/3daudioemitter.entitytemplate].pc_entitytype",
			"blueprint": "[assembly:/templates/sound/wwise/soundentities.template?/3daudioemitter.entitytemplate].pc_entityblueprint",
			"properties": {
				"m_eidParent": {
					"type": "SEntityTemplateReference",
					"value": "18d7b10e7790e943"
				},
				"m_bUseRaycastObstruction": {
					"type": "bool",
					"value": true
				},
				"m_mTransform": {
					"type": "SMatrix43",
					"value": {
						"rotation": {
							"x": 0.0,
							"y": 0.0,
							"z": 0.0
						},
						"position": {
							"x": 0.0,
							"y": 0.0,
							"z": 0.0056929998099803928
						}
					}
				},
				"m_ObstructionShapeRoot": {
					"type": "SEntityTemplateReference",
					"value": "18d7b10e7790e943"
				}
			},
			"postInitProperties": {},
			"editorOnly": false,
			"platformSpecificPropertyValues": []
		},
		"6c7421e99a963897": {
			"parent": "ed3b0d47d27b6b58",
			"name": "Prophelper_AudioSelection_ICA_Payload",
			"template": "004B5CF8CE8EB296",
			"blueprint": "00D35759D6088574",
			"properties": {
				"m_pEmitter": {
					"type": "SEntityTemplateReference",
					"value": "ce69d1fdb4af254e"
				},
				"m_nInitialStateIndex": {
					"type": "int32",
					"value": 1
				}
			},
			"postInitProperties": {},
			"editorOnly": false,
			"platformSpecificPropertyValues": []
		},
		"21dc68e25cc76ed": {
			"parent": "ed3b0d47d27b6b58",
			"name": "SoundSetup_Item_NOEmitter",
			"template": "[assembly:/templates/itemtemplates/item_soundsetup_noemitter.template?/soundsetup_item_noemitter.entitytemplate].pc_entitytype",
			"blueprint": "[assembly:/templates/itemtemplates/item_soundsetup_noemitter.template?/soundsetup_item_noemitter.entitytemplate].pc_entityblueprint",
			"properties": {
				"m_mTransform": {
					"type": "SMatrix43",
					"value": {
						"rotation": {
							"x": 0.0,
							"y": 0.0,
							"z": 0.0
						},
						"position": {
							"x": -8.13497543334961,
							"y": 2.847986936569214,
							"z": -1.791985034942627
						}
					}
				},
				"AudioEmitter": {
					"type": "SEntityTemplateReference",
					"value": "ce69d1fdb4af254e"
				},
				"m_eidParent": {
					"type": "SEntityTemplateReference",
					"value": "18d7b10e7790e943"
				},
				"m_rHolder": {
					"type": "SEntityTemplateReference",
					"value": "18d7b10e7790e943"
				},
				"PropUnEquipped_Sound": {
					"type": "ZRuntimeResourceID",
					"value": {
						"resource": "00D8004EAC00BD1C",
						"flag": "5F"
					}
				},
				"PropEquipped_Sound": {
					"type": "ZRuntimeResourceID",
					"value": {
						"resource": "00F9ABADFE089CFD",
						"flag": "5F"
					}
				}
			},
			"postInitProperties": {},
			"editorOnly": false,
			"platformSpecificPropertyValues": []
		},
		"d185ab5c616b3a": {
			"parent": "ed3b0d47d27b6b58",
			"name": "Keyword_ITEM_ICA_PHONE_EXPLOSIVE",
			"template": "[assembly:/_pro/design/gamecore/keywords/keyworditems.template?/keyword_item_ica_phone_explosive.entitytemplate].pc_entitytype",
			"blueprint": "[assembly:/_pro/design/gamecore/keywords/keyworditems.template?/keyword_item_ica_phone_explosive.entitytemplate].pc_entityblueprint",
			"properties": {
				"m_aHolders": {
					"type": "TArray<SEntityTemplateReference>",
					"value": ["18d7b10e7790e943"]
				}
			},
			"postInitProperties": {},
			"editorOnly": false,
			"platformSpecificPropertyValues": []
		},
		"757442d3e7efc220": {
			"parent": "ed3b0d47d27b6b58",
			"name": "HandAttachSpatial",
			"template": "[modules:/zspatialentity.class].pc_entitytype",
			"blueprint": "[modules:/zspatialentity.class].pc_entityblueprint",
			"properties": {
				"m_mTransform": {
					"type": "SMatrix43",
					"value": {
						"rotation": {
							"x": 0.0,
							"y": 0.0,
							"z": 0.0
						},
						"position": {
							"x": 0.0,
							"y": 0.0,
							"z": 0.0
						}
					}
				},
				"m_eidParent": {
					"type": "SEntityTemplateReference",
					"value": "18d7b10e7790e943"
				}
			},
			"postInitProperties": {},
			"editorOnly": false,
			"platformSpecificPropertyValues": []
		},
		"abcd12c93387fc6b": {
			"parent": "ed3b0d47d27b6b58",
			"name": "UFO Actor Picking",
			"template": "[modules:/zentity.class].pc_entitytype",
			"blueprint": "[modules:/zentity.class].pc_entityblueprint",
			"properties": {},
			"postInitProperties": {},
			"editorOnly": false,
			"platformSpecificPropertyValues": [],
			"events": [],
			"inputCopying": [],
			"outputCopying": []
		},
		"abcd9b923e0da7ae": {
			"parent": "abcd12c93387fc6b",
			"name": "ActorPicker Abduction",
			"template": "[modules:/zactorpicker.class].pc_entitytype",
			"blueprint": "[modules:/zactorpicker.class].pc_entityblueprint",
			"properties": {
				"m_bOnlyLivingActors": {
					"type": "bool",
					"value": true
				}
			},
			"postInitProperties": {
				"m_aVolumes": {
					"type": "TArray<SEntityTemplateReference>",
					"value": ["abcd4457bc7c7994"]
				},
				"m_aEnterEffects": {
					"type": "TArray<SEntityTemplateReference>",
					"value": ["abcd42ca415f27cf"]
				}
			},
			"editorOnly": false,
			"platformSpecificPropertyValues": []
		},
		"abcd4457bc7c7994": {
			"parent": "abcd12c93387fc6b",
			"name": "VolumeBox",
			"template": "[modules:/zboxvolumeentity.class].pc_entitytype",
			"blueprint": "[modules:/zboxvolumeentity.class].pc_entityblueprint",
			"properties": {
				"m_mTransform": {
					"type": "SMatrix43",
					"value": {
						"rotation": {
							"x": 0.0,
							"y": 0.0,
							"z": 0.0
						},
						"position": {
							"x": 0.0,
							"y": 0.0,
							"z": 0.0
						}
					}
				},
				"m_eRoomBehaviour": {
					"type": "ZSpatialEntity.ERoomBehaviour",
					"value": "ROOM_DYNAMIC"
				},
				"m_vGlobalSize": {
					"type": "SVector3",
					"value": {
						"x": 8.0,
						"y": 8.0,
						"z": 8.0
					}
				}
			},
			"postInitProperties": {
				"m_eidParent": {
					"type": "SEntityTemplateReference",
					"value": "18d7b10e7790e943"
				}
			},
			"editorOnly": false,
			"platformSpecificPropertyValues": []
		},
		"abcd3743694bd64b": {
			"parent": "abcd12c93387fc6b",
			"name": "UFO_ABDUCT Keyword",
			"template": "[modules:/zentity.class].pc_entitytype",
			"blueprint": "[modules:/zentity.class].pc_entityblueprint",
			"properties": {},
			"postInitProperties": {},
			"editorOnly": false,
			"platformSpecificPropertyValues": [],
			"inputCopying": [{
				"whenTriggered": "SetIActor",
				"alsoTrigger": "SetIActor",
				"onEntity": "abcd35035f967198"
			}]
		},
		"abcd42ca415f27cf": {
			"parent": "abcd12c93387fc6b",
			"name": "ActorPickerEffectReference Abduction",
			"template": "[modules:/zactorpickereffectreference.class].pc_entitytype",
			"blueprint": "[modules:/zactorpickereffectreference.class].pc_entityblueprint",
			"properties": {},
			"postInitProperties": {},
			"editorOnly": false,
			"platformSpecificPropertyValues": [],
			"events": [{
				"onEvent": "OnIActor",
				"shouldTrigger": "SetIActor",
				"onEntity": "abcd3743694bd64b"
			}]
		},
		"abcd35035f967198": {
			"parent": "abcd3743694bd64b",
			"name": "ActorKeywordProxy",
			"template": "[modules:/zactorkeywordproxyentity.class].pc_entitytype",
			"blueprint": "[modules:/zactorkeywordproxyentity.class].pc_entityblueprint",
			"properties": {},
			"postInitProperties": {},
			"editorOnly": false,
			"platformSpecificPropertyValues": [],
			"events": [{
				"onEvent": "OnActorSet",
				"shouldTrigger": "GetKeyword",
				"onEntity": "abcd5550b5187f2a"
			}]
		},
		"abcd5550b5187f2a": {
			"parent": "abcd3743694bd64b",
			"name": "Keyword_UFO_ABDUCT",
			"template": "[modules:/zkeywordentity.class].pc_entitytype",
			"blueprint": "[modules:/zkeywordentity.class].pc_entityblueprint",
			"properties": {
				"m_rHolder": {
					"type": "SEntityTemplateReference",
					"value": "abcd3743694bd64b"
				},
				"m_sKeyword": {
					"type": "ZString",
					"value": "UFO_ABDUCT"
				}
			},
			"postInitProperties": {},
			"editorOnly": false,
			"platformSpecificPropertyValues": [],
			"events": [{
				"onEvent": "Keyword",
				"shouldTrigger": "AddKeyword",
				"onEntity": "abcd35035f967198"
			}]
		},
		"abcd61fe4a910546": {
			"parent": "abcd12c93387fc6b",
			"name": "Activators",
			"template": "[modules:/zentity.class].pc_entitytype",
			"blueprint": "[modules:/zentity.class].pc_entityblueprint",
			"properties": {},
			"postInitProperties": {},
			"editorOnly": false,
			"platformSpecificPropertyValues": [],
			"events": [],
			"inputCopying": [],
			"outputCopying": []
		},
		"abcdc630cbda7cbd": {
			"parent": "abcd61fe4a910546",
			"name": "Activator Electrocution",
			"template": "[assembly:/_pro/design/gamecore/setpiecehelpers.template?/setpiecehelpers_activator_singlepress.entitytemplate].pc_entitytype",
			"blueprint": "[assembly:/_pro/design/gamecore/setpiecehelpers.template?/setpiecehelpers_activator_singlepress.entitytemplate].pc_entityblueprint",
			"properties": {
				"m_mTransform": {
					"type": "SMatrix43",
					"value": {
						"rotation": {
							"x": 0,
							"y": 0,
							"z": 0
						},
						"position": {
							"x": 0,
							"y": 0,
							"z": 0
						}
					}
				},
				"m_sId": {
					"type": "ZGuid",
					"value": "50222536-cf5f-4958-b41c-6f071fef34ae"
				},
				"name_metricvalue": {
					"type": "ZString",
					"value": "47_Dialog_Activated"
				},
				"m_bApplyPromptDescriptionText": {
					"type": "bool",
					"value": true
				},
				"m_bRequiresHitmanFacing": {
					"type": "bool",
					"value": true
				},
				"m_bActionHasValidDisguise": {
					"type": "bool",
					"value": false
				},
				"m_bValueuseonce": {
					"type": "bool",
					"value": false
				},
				"m_eidParent": {
					"type": "SEntityTemplateReference",
					"value": "abcd96a2698927bc"
				},
				"m_aValuesusable": {
					"type": "TArray<SEntityTemplateReference>",
					"value": ["abcd42236cec3593"]
				},
				"m_bIsIllegal": {
					"type": "bool",
					"value": false
				},
				"m_rPromptTextPassiveResource": {
					"type": "ZRuntimeResourceID",
					"value": {
						"resource": "0010A2E6A0553E10",
						"flag": "5F"
					}
				},
				"m_fOverrideInteractionRangeValue": {
					"type": "float32",
					"value": 2.5
				},
				"m_bOverrideInteractionRange": {
					"type": "bool",
					"value": true
				},
				"m_sPromptDescriptionText": {
					"type": "ZString",
					"value": "NPC(S)"
				},
				"m_sPromptText": {
					"type": "ZString",
					"value": "ELECTROCUTE"
				},
				"m_rPromptTextResource": {
					"type": "ZRuntimeResourceID",
					"value": {
						"resource": "0012927534AABEDE",
						"flag": "5F"
					}
				},
				"m_rPromptDescriptionTextResource": {
					"type": "ZRuntimeResourceID",
					"value": null
				},
				"m_bRequiresHitmanInFront": {
					"type": "bool",
					"value": true
				}
			},
			"postInitProperties": {
				"m_aPromptPositions": {
					"type": "TArray<SEntityTemplateReference>",
					"value": [{
						"ref": "abcd96a2698927bc",
						"externalScene": null,
						"exposedEntity": "PromptSpatial"
					}]
				},
				"m_aValuesvisible": {
					"type": "TArray<SEntityTemplateReference>",
					"value": ["abcd42236cec3593"]
				}
			},
			"editorOnly": false,
			"platformSpecificPropertyValues": [],
			"events": [{
				"onEvent": "Completed",
				"shouldTrigger": "Start",
				"onEntity": "abcdc630cbda7cbd"
			}, {
				"onEvent": "Completed",
				"shouldTrigger": "Pick",
				"onEntity": "abcdc630cbda7cbd"
			}, {
				"onEvent": "Completed",
				"shouldTrigger": "SetTrue",
				"onEntity": "abcdc630cbda7cbd"
			}, {
				"onEvent": "Completed",
				"shouldTrigger": "Start",
				"onEntity": "abcdfb33b8539eca"
			}, {
				"onEvent": "Completed",
				"shouldTrigger": "SetFalse",
				"onEntity": "abcd507c9a850b93"
			}, {
				"onEvent": "Completed",
				"shouldTrigger": "SetFalse",
				"onEntity": "abcd920fa92e2104"
			}, {
				"onEvent": "Completed",
				"shouldTrigger": "SetTrue",
				"onEntity": "abcdc5ca8c0c4d55"
			}],
			"inputCopying": [],
			"outputCopying": []
		},
		"abcd7e33db9ed494": {
			"parent": "abcd61fe4a910546",
			"name": "Activator Burning",
			"template": "[assembly:/_pro/design/gamecore/setpiecehelpers.template?/setpiecehelpers_activator_singlepress.entitytemplate].pc_entitytype",
			"blueprint": "[assembly:/_pro/design/gamecore/setpiecehelpers.template?/setpiecehelpers_activator_singlepress.entitytemplate].pc_entityblueprint",
			"properties": {
				"m_mTransform": {
					"type": "SMatrix43",
					"value": {
						"rotation": {
							"x": 0,
							"y": 0,
							"z": 0
						},
						"position": {
							"x": 0,
							"y": 0,
							"z": 0
						}
					}
				},
				"m_sId": {
					"type": "ZGuid",
					"value": "50222536-cf5f-4958-b41c-6f071fef34ae"
				},
				"name_metricvalue": {
					"type": "ZString",
					"value": "47_Dialog_Activated"
				},
				"m_bApplyPromptDescriptionText": {
					"type": "bool",
					"value": true
				},
				"m_bRequiresHitmanFacing": {
					"type": "bool",
					"value": true
				},
				"m_bActionHasValidDisguise": {
					"type": "bool",
					"value": false
				},
				"m_bValueuseonce": {
					"type": "bool",
					"value": false
				},
				"m_eidParent": {
					"type": "SEntityTemplateReference",
					"value": "abcd2bacc1e3cfc4"
				},
				"m_aValuesusable": {
					"type": "TArray<SEntityTemplateReference>",
					"value": ["abcd539644275ede"]
				},
				"m_bIsIllegal": {
					"type": "bool",
					"value": false
				},
				"m_rPromptTextPassiveResource": {
					"type": "ZRuntimeResourceID",
					"value": {
						"resource": "0010A2E6A0553E10",
						"flag": "5F"
					}
				},
				"m_fOverrideInteractionRangeValue": {
					"type": "float32",
					"value": 2.5
				},
				"m_bOverrideInteractionRange": {
					"type": "bool",
					"value": true
				},
				"m_sPromptDescriptionText": {
					"type": "ZString",
					"value": "NPC(S)"
				},
				"m_sPromptText": {
					"type": "ZString",
					"value": "BURN"
				},
				"m_rPromptTextResource": {
					"type": "ZRuntimeResourceID",
					"value": {
						"resource": "0012927534AABEDE",
						"flag": "5F"
					}
				},
				"m_rPromptDescriptionTextResource": {
					"type": "ZRuntimeResourceID",
					"value": null
				},
				"m_bRequiresHitmanInFront": {
					"type": "bool",
					"value": true
				}
			},
			"postInitProperties": {
				"m_aPromptPositions": {
					"type": "TArray<SEntityTemplateReference>",
					"value": [{
						"ref": "abcd2bacc1e3cfc4",
						"externalScene": null,
						"exposedEntity": "PromptSpatial"
					}]
				},
				"m_aValuesvisible": {
					"type": "TArray<SEntityTemplateReference>",
					"value": ["abcd539644275ede"]
				}
			},
			"editorOnly": false,
			"platformSpecificPropertyValues": [],
			"events": [{
				"onEvent": "Completed",
				"shouldTrigger": "Start",
				"onEntity": "abcd7e33db9ed494"
			}, {
				"onEvent": "Completed",
				"shouldTrigger": "Pick",
				"onEntity": "abcd7e33db9ed494"
			}, {
				"onEvent": "Completed",
				"shouldTrigger": "SetTrue",
				"onEntity": "abcd7e33db9ed494"
			}, {
				"onEvent": "Completed",
				"shouldTrigger": "Start",
				"onEntity": "abcdfb33b8539eca"
			}, {
				"onEvent": "Completed",
				"shouldTrigger": "SetFalse",
				"onEntity": "abcd507c9a850b93"
			}, {
				"onEvent": "Completed",
				"shouldTrigger": "SetTrue",
				"onEntity": "abcd920fa92e2104"
			}, {
				"onEvent": "Completed",
				"shouldTrigger": "SetFalse",
				"onEntity": "abcdc5ca8c0c4d55"
			}],
			"inputCopying": [],
			"outputCopying": []
		},
		"abcd7e544ea9f7f8": {
			"parent": "abcd61fe4a910546",
			"name": "Activator Abduction",
			"template": "[assembly:/_pro/design/gamecore/setpiecehelpers.template?/setpiecehelpers_activator_singlepress.entitytemplate].pc_entitytype",
			"blueprint": "[assembly:/_pro/design/gamecore/setpiecehelpers.template?/setpiecehelpers_activator_singlepress.entitytemplate].pc_entityblueprint",
			"properties": {
				"m_mTransform": {
					"type": "SMatrix43",
					"value": {
						"rotation": {
							"x": 0,
							"y": 0,
							"z": 0
						},
						"position": {
							"x": 0,
							"y": 0,
							"z": 0
						}
					}
				},
				"m_sId": {
					"type": "ZGuid",
					"value": "50222536-cf5f-4958-b41c-6f071fef34ae"
				},
				"name_metricvalue": {
					"type": "ZString",
					"value": "47_Dialog_Activated"
				},
				"m_bApplyPromptDescriptionText": {
					"type": "bool",
					"value": true
				},
				"m_bRequiresHitmanFacing": {
					"type": "bool",
					"value": true
				},
				"m_bActionHasValidDisguise": {
					"type": "bool",
					"value": false
				},
				"m_bValueuseonce": {
					"type": "bool",
					"value": false
				},
				"m_eidParent": {
					"type": "SEntityTemplateReference",
					"value": "abcde1c93df3777e"
				},
				"m_aValuesusable": {
					"type": "TArray<SEntityTemplateReference>",
					"value": ["abcdabd28121d03d"]
				},
				"m_bIsIllegal": {
					"type": "bool",
					"value": false
				},
				"m_rPromptTextPassiveResource": {
					"type": "ZRuntimeResourceID",
					"value": {
						"resource": "0010A2E6A0553E10",
						"flag": "5F"
					}
				},
				"m_fOverrideInteractionRangeValue": {
					"type": "float32",
					"value": 2.5
				},
				"m_bOverrideInteractionRange": {
					"type": "bool",
					"value": true
				},
				"m_sPromptDescriptionText": {
					"type": "ZString",
					"value": "NPC(S)"
				},
				"m_sPromptText": {
					"type": "ZString",
					"value": "ABDUCT"
				},
				"m_rPromptTextResource": {
					"type": "ZRuntimeResourceID",
					"value": {
						"resource": "0012927534AABEDE",
						"flag": "5F"
					}
				},
				"m_rPromptDescriptionTextResource": {
					"type": "ZRuntimeResourceID",
					"value": null
				},
				"m_bRequiresHitmanInFront": {
					"type": "bool",
					"value": true
				}
			},
			"postInitProperties": {
				"m_aPromptPositions": {
					"type": "TArray<SEntityTemplateReference>",
					"value": [{
						"ref": "abcde1c93df3777e",
						"externalScene": null,
						"exposedEntity": "PromptSpatial"
					}]
				},
				"m_aValuesvisible": {
					"type": "TArray<SEntityTemplateReference>",
					"value": ["abcdabd28121d03d"]
				}
			},
			"editorOnly": false,
			"platformSpecificPropertyValues": [],
			"events": [{
				"onEvent": "Completed",
				"shouldTrigger": "Start",
				"onEntity": "abcd7e544ea9f7f8"
			}, {
				"onEvent": "Completed",
				"shouldTrigger": "Pick",
				"onEntity": "abcd7e544ea9f7f8"
			}, {
				"onEvent": "Completed",
				"shouldTrigger": "SetTrue",
				"onEntity": "abcd7e544ea9f7f8"
			}, {
				"onEvent": "Completed",
				"shouldTrigger": "Start",
				"onEntity": "abcdfb33b8539eca"
			}, {
				"onEvent": "Completed",
				"shouldTrigger": "SetTrue",
				"onEntity": "abcd507c9a850b93"
			}, {
				"onEvent": "Completed",
				"shouldTrigger": "SetFalse",
				"onEntity": "abcd920fa92e2104"
			}, {
				"onEvent": "Completed",
				"shouldTrigger": "SetFalse",
				"onEntity": "abcdc5ca8c0c4d55"
			}],
			"inputCopying": [],
			"outputCopying": []
		},
		"abcde1c93df3777e": {
			"parent": "abcd61fe4a910546",
			"name": "Interaction Spatials And Gizmos Abduction",
			"template": "[assembly:/_pro/design/gamecore/setpiecehelpers.template?/setpiecehelpers_interactionspatialsandgizmos.entitytemplate].pc_entitytype",
			"blueprint": "[assembly:/_pro/design/gamecore/setpiecehelpers.template?/setpiecehelpers_interactionspatialsandgizmos.entitytemplate].pc_entityblueprint",
			"properties": {
				"m_mTransform": {
					"type": "SMatrix43",
					"value": {
						"rotation": {
							"x": 0,
							"y": 0,
							"z": 0
						},
						"position": {
							"x": 0,
							"y": 0,
							"z": 0
						}
					}
				},
				"InteractionPoint": {
					"type": "SMatrix43",
					"value": {
						"rotation": {
							"x": 0,
							"y": 0,
							"z": 0
						},
						"position": {
							"x": 0.75,
							"y": 0.5,
							"z": 0.0
						}
					}
				},
				"PromptPoint": {
					"type": "SMatrix43",
					"value": {
						"rotation": {
							"x": 0,
							"y": 0,
							"z": 0
						},
						"position": {
							"x": 0,
							"y": 0,
							"z": 0
						}
					}
				},
				"m_eidParent": {
					"type": "SEntityTemplateReference",
					"value": "18d7b10e7790e943"
				}
			},
			"postInitProperties": {},
			"editorOnly": false,
			"platformSpecificPropertyValues": [],
			"events": [],
			"inputCopying": [],
			"outputCopying": []
		},
		"abcd96a2698927bc": {
			"parent": "abcd61fe4a910546",
			"name": "Interaction Spatials And Gizmos Electrocution",
			"template": "[assembly:/_pro/design/gamecore/setpiecehelpers.template?/setpiecehelpers_interactionspatialsandgizmos.entitytemplate].pc_entitytype",
			"blueprint": "[assembly:/_pro/design/gamecore/setpiecehelpers.template?/setpiecehelpers_interactionspatialsandgizmos.entitytemplate].pc_entityblueprint",
			"properties": {
				"m_mTransform": {
					"type": "SMatrix43",
					"value": {
						"rotation": {
							"x": 0,
							"y": 0,
							"z": 0
						},
						"position": {
							"x": 0,
							"y": 0,
							"z": 0
						}
					}
				},
				"InteractionPoint": {
					"type": "SMatrix43",
					"value": {
						"rotation": {
							"x": 0,
							"y": 0,
							"z": 0
						},
						"position": {
							"x": 0.75,
							"y": 0.5,
							"z": -0.2
						}
					}
				},
				"PromptPoint": {
					"type": "SMatrix43",
					"value": {
						"rotation": {
							"x": 0,
							"y": 0,
							"z": 0
						},
						"position": {
							"x": 0,
							"y": 0,
							"z": 0
						}
					}
				},
				"m_eidParent": {
					"type": "SEntityTemplateReference",
					"value": "18d7b10e7790e943"
				}
			},
			"postInitProperties": {},
			"editorOnly": false,
			"platformSpecificPropertyValues": [],
			"events": [],
			"inputCopying": [],
			"outputCopying": []
		},
		"abcd2bacc1e3cfc4": {
			"parent": "abcd61fe4a910546",
			"name": "Interaction Spatials And Gizmos Burning",
			"template": "[assembly:/_pro/design/gamecore/setpiecehelpers.template?/setpiecehelpers_interactionspatialsandgizmos.entitytemplate].pc_entitytype",
			"blueprint": "[assembly:/_pro/design/gamecore/setpiecehelpers.template?/setpiecehelpers_interactionspatialsandgizmos.entitytemplate].pc_entityblueprint",
			"properties": {
				"m_mTransform": {
					"type": "SMatrix43",
					"value": {
						"rotation": {
							"x": 0,
							"y": 0,
							"z": 0
						},
						"position": {
							"x": 0,
							"y": 0,
							"z": 0
						}
					}
				},
				"InteractionPoint": {
					"type": "SMatrix43",
					"value": {
						"rotation": {
							"x": 0,
							"y": 0,
							"z": 0
						},
						"position": {
							"x": 0.75,
							"y": 0.5,
							"z": 0.2
						}
					}
				},
				"PromptPoint": {
					"type": "SMatrix43",
					"value": {
						"rotation": {
							"x": 0,
							"y": 0,
							"z": 0
						},
						"position": {
							"x": 0,
							"y": 0,
							"z": 0
						}
					}
				},
				"m_eidParent": {
					"type": "SEntityTemplateReference",
					"value": "18d7b10e7790e943"
				}
			},
			"postInitProperties": {},
			"editorOnly": false,
			"platformSpecificPropertyValues": [],
			"events": [],
			"inputCopying": [],
			"outputCopying": []
		},
		"abcd539644275ede": {
			"parent": "abcd61fe4a910546",
			"name": "Bool Burning",
			"template": "[assembly:/_pro/design/logic/valuebool.template?/valuebool_basic.entitytemplate].pc_entitytype",
			"blueprint": "[assembly:/_pro/design/logic/valuebool.template?/valuebool_basic.entitytemplate].pc_entityblueprint",
			"properties": {
				"m_bValue": {
					"type": "bool",
					"value": false
				}
			},
			"postInitProperties": {},
			"editorOnly": false,
			"platformSpecificPropertyValues": [],
			"events": [],
			"inputCopying": [],
			"outputCopying": []
		},
		"abcdabd28121d03d": {
			"parent": "abcd61fe4a910546",
			"name": "Bool Abduction",
			"template": "[assembly:/_pro/design/logic/valuebool.template?/valuebool_basic.entitytemplate].pc_entitytype",
			"blueprint": "[assembly:/_pro/design/logic/valuebool.template?/valuebool_basic.entitytemplate].pc_entityblueprint",
			"properties": {
				"m_bValue": {
					"type": "bool",
					"value": false
				}
			},
			"postInitProperties": {},
			"editorOnly": false,
			"platformSpecificPropertyValues": [],
			"events": [],
			"inputCopying": [],
			"outputCopying": []
		},
		"abcd42236cec3593": {
			"parent": "abcd61fe4a910546",
			"name": "Bool Electrocution",
			"template": "[assembly:/_pro/design/logic/valuebool.template?/valuebool_basic.entitytemplate].pc_entitytype",
			"blueprint": "[assembly:/_pro/design/logic/valuebool.template?/valuebool_basic.entitytemplate].pc_entityblueprint",
			"properties": {
				"m_bValue": {
					"type": "bool",
					"value": false
				}
			},
			"postInitProperties": {},
			"editorOnly": false,
			"platformSpecificPropertyValues": [],
			"events": [],
			"inputCopying": [],
			"outputCopying": []
		},
		"abcd37ca5ebaf717": {
			"parent": "abcd61fe4a910546",
			"name": "Disable Activators",
			"template": "[assembly:/_pro/design/logic.template?/timersimple.entitytemplate].pc_entitytype",
			"blueprint": "[assembly:/_pro/design/logic.template?/timersimple.entitytemplate].pc_entityblueprint",
			"properties": {
				"Delay time (ms)": {
					"type": "int32",
					"value": 100
				}
			},
			"postInitProperties": {},
			"editorOnly": false,
			"platformSpecificPropertyValues": [],
			"events": [{
				"onEvent": "Out",
				"shouldTrigger": "SetFalse",
				"onEntity": "abcdabd28121d03d"
			}, {
				"onEvent": "Out",
				"shouldTrigger": "SetFalse",
				"onEntity": "abcd539644275ede"
			}, {
				"onEvent": "Out",
				"shouldTrigger": "SetFalse",
				"onEntity": "abcd42236cec3593"
			}]
		},
		"abcd7ae99dc1a780": {
			"parent": "abcd61fe4a910546",
			"name": "Enable Activators",
			"template": "[assembly:/_pro/design/logic.template?/timersimple.entitytemplate].pc_entitytype",
			"blueprint": "[assembly:/_pro/design/logic.template?/timersimple.entitytemplate].pc_entityblueprint",
			"properties": {
				"Delay time (ms)": {
					"type": "int32",
					"value": 100
				}
			},
			"postInitProperties": {},
			"editorOnly": false,
			"platformSpecificPropertyValues": [],
			"events": [{
				"onEvent": "Out",
				"shouldTrigger": "SetTrue",
				"onEntity": "abcdabd28121d03d"
			}, {
				"onEvent": "Out",
				"shouldTrigger": "SetTrue",
				"onEntity": "abcd539644275ede"
			}, {
				"onEvent": "Out",
				"shouldTrigger": "SetTrue",
				"onEntity": "abcd42236cec3593"
			}]
		},
		"abcdfb33b8539eca": {
			"parent": "abcd61fe4a910546",
			"name": "This Should Be Interesting",
			"template": "[assembly:/_pro/design/actor/spsystem.template?/actoroneliner.entitytemplate].pc_entitytype",
			"blueprint": "[assembly:/_pro/design/actor/spsystem.template?/actoroneliner.entitytemplate].pc_entityblueprint",
			"properties": {
				"m_pAudioEvent": {
					"type": "ZRuntimeResourceID",
					"value": {
						"resource": "008E53715E6FC03C",
						"flag": "5F"
					}
				}
			},
			"postInitProperties": {
				"m_rActor": {
					"type": "SEntityTemplateReference",
					"value": "abcd6311375a4e2d"
				}
			},
			"editorOnly": false,
			"platformSpecificPropertyValues": [],
			"events": [],
			"inputCopying": [],
			"outputCopying": []
		},
		"abcd6311375a4e2d": {
			"parent": "abcd61fe4a910546",
			"name": "Hero Stand-In",
			"template": "[modules:/zherostandin.class].pc_entitytype",
			"blueprint": "[modules:/zherostandin.class].pc_entityblueprint",
			"properties": {},
			"postInitProperties": {},
			"editorOnly": false,
			"platformSpecificPropertyValues": [],
			"events": [],
			"inputCopying": [],
			"outputCopying": []
		},
		"abcd80a59f6d0942": {
			"parent": "abcd12c93387fc6b",
			"name": "UFO_ELECTROCUTE Keyword",
			"template": "[modules:/zentity.class].pc_entitytype",
			"blueprint": "[modules:/zentity.class].pc_entityblueprint",
			"properties": {},
			"postInitProperties": {},
			"editorOnly": false,
			"platformSpecificPropertyValues": [],
			"inputCopying": [{
				"whenTriggered": "SetIActor",
				"alsoTrigger": "SetIActor",
				"onEntity": "abcdfe96cd2a350d"
			}]
		},
		"abcdfe96cd2a350d": {
			"parent": "abcd80a59f6d0942",
			"name": "ActorKeywordProxy",
			"template": "[modules:/zactorkeywordproxyentity.class].pc_entitytype",
			"blueprint": "[modules:/zactorkeywordproxyentity.class].pc_entityblueprint",
			"properties": {},
			"postInitProperties": {},
			"editorOnly": false,
			"platformSpecificPropertyValues": [],
			"events": [{
				"onEvent": "OnActorSet",
				"shouldTrigger": "GetKeyword",
				"onEntity": "abcddf7e2a84c8b4"
			}]
		},
		"abcddf7e2a84c8b4": {
			"parent": "abcd80a59f6d0942",
			"name": "Keyword_UFO_ELECTROCUTE",
			"template": "[modules:/zkeywordentity.class].pc_entitytype",
			"blueprint": "[modules:/zkeywordentity.class].pc_entityblueprint",
			"properties": {
				"m_rHolder": {
					"type": "SEntityTemplateReference",
					"value": "abcd80a59f6d0942"
				},
				"m_sKeyword": {
					"type": "ZString",
					"value": "UFO_ELECTROCUTE"
				}
			},
			"postInitProperties": {},
			"editorOnly": false,
			"platformSpecificPropertyValues": [],
			"events": [{
				"onEvent": "Keyword",
				"shouldTrigger": "AddKeyword",
				"onEntity": "abcdfe96cd2a350d"
			}]
		},
		"abcd978d91f3ab2c": {
			"parent": "abcd12c93387fc6b",
			"name": "UFO_BURN Keyword",
			"template": "[modules:/zentity.class].pc_entitytype",
			"blueprint": "[modules:/zentity.class].pc_entityblueprint",
			"properties": {},
			"postInitProperties": {},
			"editorOnly": false,
			"platformSpecificPropertyValues": [],
			"inputCopying": [{
				"whenTriggered": "SetIActor",
				"alsoTrigger": "SetIActor",
				"onEntity": "abcd7af68b6a10a0"
			}]
		},
		"abcd7af68b6a10a0": {
			"parent": "abcd978d91f3ab2c",
			"name": "ActorKeywordProxy",
			"template": "[modules:/zactorkeywordproxyentity.class].pc_entitytype",
			"blueprint": "[modules:/zactorkeywordproxyentity.class].pc_entityblueprint",
			"properties": {},
			"postInitProperties": {},
			"editorOnly": false,
			"platformSpecificPropertyValues": [],
			"events": [{
				"onEvent": "OnActorSet",
				"shouldTrigger": "GetKeyword",
				"onEntity": "abcdf578402395f1"
			}]
		},
		"abcdf578402395f1": {
			"parent": "abcd978d91f3ab2c",
			"name": "Keyword_UFO_BURN",
			"template": "[modules:/zkeywordentity.class].pc_entitytype",
			"blueprint": "[modules:/zkeywordentity.class].pc_entityblueprint",
			"properties": {
				"m_rHolder": {
					"type": "SEntityTemplateReference",
					"value": "abcd978d91f3ab2c"
				},
				"m_sKeyword": {
					"type": "ZString",
					"value": "UFO_BURN"
				}
			},
			"postInitProperties": {},
			"editorOnly": false,
			"platformSpecificPropertyValues": [],
			"events": [{
				"onEvent": "Keyword",
				"shouldTrigger": "AddKeyword",
				"onEntity": "abcd7af68b6a10a0"
			}]
		},
		"abcd920fa92e2104": {
			"parent": "abcd61fe4a910546",
			"name": "Activator Set To Burning",
			"template": "[modules:/zvalueboolbasic.class].pc_entitytype",
			"blueprint": "[modules:/zvalueboolbasic.class].pc_entityblueprint",
			"properties": {
				"m_bValue": {
					"type": "bool",
					"value": false
				}
			},
			"postInitProperties": {},
			"editorOnly": false,
			"platformSpecificPropertyValues": []
		},
		"abcd507c9a850b93": {
			"parent": "abcd61fe4a910546",
			"name": "Activator Set To Aduction",
			"template": "[modules:/zvalueboolbasic.class].pc_entitytype",
			"blueprint": "[modules:/zvalueboolbasic.class].pc_entityblueprint",
			"properties": {
				"m_bValue": {
					"type": "bool",
					"value": true
				}
			},
			"postInitProperties": {},
			"editorOnly": false,
			"platformSpecificPropertyValues": []
		},
		"abcdc5ca8c0c4d55": {
			"parent": "abcd61fe4a910546",
			"name": "Activator Set To Electrocution",
			"template": "[modules:/zvalueboolbasic.class].pc_entitytype",
			"blueprint": "[modules:/zvalueboolbasic.class].pc_entityblueprint",
			"properties": {
				"m_bValue": {
					"type": "bool",
					"value": false
				}
			},
			"postInitProperties": {},
			"editorOnly": false,
			"platformSpecificPropertyValues": []
		},
		"abcd0f085b0454eb": {
			"parent": "abcd61fe4a910546",
			"name": "Is Activator Set To Aduction",
			"template": "[modules:/zvaluebool_poll.class].pc_entitytype",
			"blueprint": "[modules:/zvaluebool_poll.class].pc_entityblueprint",
			"properties": {
				"m_rValueEntity": {
					"type": "SEntityTemplateReference",
					"value": "abcd507c9a850b93"
				}
			},
			"postInitProperties": {},
			"editorOnly": false,
			"platformSpecificPropertyValues": [],
			"events": [{
				"onEvent": "GetTrue",
				"shouldTrigger": "Pick",
				"onEntity": "abcd9b923e0da7ae"
			}, {
				"onEvent": "GetFalse",
				"shouldTrigger": "Get",
				"onEntity": "abcd316781d121ac"
			}]
		},
		"abcdafdb5e42f187": {
			"parent": "abcd61fe4a910546",
			"name": "Is Activator Set To Electrocution",
			"template": "[modules:/zvaluebool_poll.class].pc_entitytype",
			"blueprint": "[modules:/zvaluebool_poll.class].pc_entityblueprint",
			"properties": {
				"m_rValueEntity": {
					"type": "SEntityTemplateReference",
					"value": "abcdc5ca8c0c4d55"
				}
			},
			"postInitProperties": {},
			"editorOnly": false,
			"platformSpecificPropertyValues": [],
			"events": [{
				"onEvent": "GetTrue",
				"shouldTrigger": "Pick",
				"onEntity": "abcd76a02b6c019b"
			}]
		},
		"abcd316781d121ac": {
			"parent": "abcd61fe4a910546",
			"name": "Is Activator Set To Burning",
			"template": "[modules:/zvaluebool_poll.class].pc_entitytype",
			"blueprint": "[modules:/zvaluebool_poll.class].pc_entityblueprint",
			"properties": {
				"m_rValueEntity": {
					"type": "SEntityTemplateReference",
					"value": "abcd920fa92e2104"
				}
			},
			"postInitProperties": {},
			"editorOnly": false,
			"platformSpecificPropertyValues": [],
			"events": [{
				"onEvent": "GetTrue",
				"shouldTrigger": "Pick",
				"onEntity": "abcd15c42ab6a53d"
			}, {
				"onEvent": "GetFalse",
				"shouldTrigger": "Get",
				"onEntity": "abcdafdb5e42f187"
			}]
		},
		"abcd76a02b6c019b": {
			"parent": "abcd12c93387fc6b",
			"name": "ActorPicker Electrocution",
			"template": "[modules:/zactorpicker.class].pc_entitytype",
			"blueprint": "[modules:/zactorpicker.class].pc_entityblueprint",
			"properties": {
				"m_bOnlyLivingActors": {
					"type": "bool",
					"value": true
				}
			},
			"postInitProperties": {
				"m_aVolumes": {
					"type": "TArray<SEntityTemplateReference>",
					"value": ["abcd4457bc7c7994"]
				},
				"m_aEnterEffects": {
					"type": "TArray<SEntityTemplateReference>",
					"value": ["abcd3bc615c1510b"]
				}
			},
			"editorOnly": false,
			"platformSpecificPropertyValues": []
		},
		"abcd15c42ab6a53d": {
			"parent": "abcd12c93387fc6b",
			"name": "ActorPicker Burning",
			"template": "[modules:/zactorpicker.class].pc_entitytype",
			"blueprint": "[modules:/zactorpicker.class].pc_entityblueprint",
			"properties": {
				"m_bOnlyLivingActors": {
					"type": "bool",
					"value": true
				}
			},
			"postInitProperties": {
				"m_aVolumes": {
					"type": "TArray<SEntityTemplateReference>",
					"value": ["abcd4457bc7c7994"]
				},
				"m_aEnterEffects": {
					"type": "TArray<SEntityTemplateReference>",
					"value": ["abcd3b21613de9ee"]
				}
			},
			"editorOnly": false,
			"platformSpecificPropertyValues": []
		},
		"abcd3bc615c1510b": {
			"parent": "abcd12c93387fc6b",
			"name": "ActorPickerEffectReference Electrocution",
			"template": "[modules:/zactorpickereffectreference.class].pc_entitytype",
			"blueprint": "[modules:/zactorpickereffectreference.class].pc_entityblueprint",
			"properties": {},
			"postInitProperties": {},
			"editorOnly": false,
			"platformSpecificPropertyValues": [],
			"events": [{
				"onEvent": "OnIActor",
				"shouldTrigger": "SetIActor",
				"onEntity": "abcd80a59f6d0942"
			}]
		},
		"abcd3b21613de9ee": {
			"parent": "abcd12c93387fc6b",
			"name": "ActorPickerEffectReference Burning",
			"template": "[modules:/zactorpickereffectreference.class].pc_entitytype",
			"blueprint": "[modules:/zactorpickereffectreference.class].pc_entityblueprint",
			"properties": {},
			"postInitProperties": {},
			"editorOnly": false,
			"platformSpecificPropertyValues": [],
			"events": [{
				"onEvent": "OnIActor",
				"shouldTrigger": "SetIActor",
				"onEntity": "abcd978d91f3ab2c"
			}]
		}
	},
	"overrideDeletes": [],
	"pinConnectionOverrides": [],
	"pinConnectionOverrideDeletes": [],
	"propertyOverrides": [],
	"externalScenes": [],
	"subType": 0,
	"quickEntityVersion": 2.1
}