{
	"tempHash": "008E764509FC8440",
	"tbluHash": "00CCAF0DCD4ADE7A",
	"rootEntity": "12a1645ac3fcf99a",
	"entities": {
		"8041baab301fceb4": {
			"parent": "12a1645ac3fcf99a",
			"name": "UFO",
			"template": "[assembly:/_pro/environment/materials/props/accessories/ufo.mi].pc_entitytype",
			"blueprint": "[assembly:/_pro/environment/materials/props/accessories/ufo.mi].pc_entityblueprint",
			"properties": {
				"m_mTransform": {
					"type": "SMatrix43",
					"value": {
						"rotation": {
							"x": 0.0,
							"y": 0.0,
							"z": 0.0
						},
						"position": {
							"x": 0.0,
							"y": 0.0,
							"z": 0.0
						}
					}
				},
				"ConstantVector1D_07_Value_op": {
					"type": "IRenderMaterialEntity.EModifierOperation",
					"value": "eReplace"
				},
				"ConstantColorRGB_01_Value_op": {
					"type": "IRenderMaterialEntity.EModifierOperation",
					"value": "eReplace"
				},
				"ConstantVector1D_07_Value": {
					"type": "float32",
					"value": 1
				},
				"Texture2D_04_enab": {
					"type": "bool",
					"value": true
				},
				"Texture2D_04": {
					"type": "ZRuntimeResourceID",
					"value": {
						"resource": "[assembly:/_pro/environment/textures/props/accessories/ufo.texture?/emissive_b.tex](ascolormap).pc_tex",
						"flag": "5F"
					}
				}
			},
			"postInitProperties": {
				"Clients": {
					"type": "TArray<SEntityTemplateReference>",
					"value": ["12a1645ac3fcf99a"]
				},
				"m_eidParent": {
					"type": "SEntityTemplateReference",
					"value": "12a1645ac3fcf99a"
				}
			},
			"editorOnly": false,
			"platformSpecificPropertyValues": []
		},
		"12a1645ac3fcf99a": {
			"parent": null,
			"name": "UFO",
			"template": "[assembly:/_pro/environment/geometry/props/accessories/ufo.wl2?/ufo.prim].pc_entitytype",
			"blueprint": "[assembly:/templates/geometrytemplaterigidbody.template?/geomentity01.entitytemplate].pc_entityblueprint",
			"properties": {
				"m_mTransform": {
					"type": "SMatrix43",
					"value": {
						"rotation": {
							"x": 0.0,
							"y": 0.0,
							"z": 0.0
						},
						"position": {
							"x": 0.0,
							"y": 0.0,
							"z": 0.0
						}
					}
				},
				"On": {
					"type": "bool",
					"value": true
				},
				"m_fFriction": {
					"type": "float32",
					"value": 0.6100000143051148
				},
				"m_fAngularDampening": {
					"type": "float32",
					"value": 0.6000000238418579
				},
				"DiffusePower": {
					"type": "float32",
					"value": 1
				},
				"GlowPower": {
					"type": "float32",
					"value": 1
				},
				"ScreenImage": {
					"type": "ZRuntimeResourceID",
					"value": {
						"resource": "[assembly:/_pro/environment/textures/props/accessories/ufo.texture?/emissive_b.tex](ascolormap).pc_tex",
						"flag": "5F"
					}
				}
			},
			"postInitProperties": {},
			"editorOnly": false,
			"platformSpecificPropertyValues": [],
			"propertyAliases": [{
				"exposeProperty": "Texture2D_04",
				"onEntity": "8041baab301fceb4",
				"asProperty": "ScreenImage"
			}, {
				"exposeProperty": "ConstantColorRGB_01_Value",
				"onEntity": "abcd02258757c307",
				"asProperty": "Color"
			}, {
				"exposeProperty": "m_diffuseColor",
				"onEntity": "abcda22d732028ea",
				"asProperty": "Color"
			}],
			"exposedEntities": [],
			"inputCopying": [{
				"whenTriggered": "Start",
				"alsoTrigger": "Start",
				"onEntity": "abcdec842a49ac18"
			}]
		},
		"abcd86d8b1d363c5": {
			"parent": "12a1645ac3fcf99a",
			"name": "Adbuction Lights",
			"template": "[modules:/zentity.class].pc_entitytype",
			"blueprint": "[modules:/zentity.class].pc_entityblueprint",
			"properties": {},
			"postInitProperties": {},
			"editorOnly": false,
			"platformSpecificPropertyValues": [],
			"events": [],
			"inputCopying": []
		},
		"abcd6a56944e6bcf": {
			"parent": "abcd86d8b1d363c5",
			"name": "Lerp",
			"template": "[modules:/zmathlerp.class].pc_entitytype",
			"blueprint": "[modules:/zmathlerp.class].pc_entityblueprint",
			"properties": {
				"m_fT": {
					"type": "float32",
					"value": 0
				},
				"m_B": {
					"type": "float32",
					"value": 1000
				}
			},
			"postInitProperties": {},
			"editorOnly": false,
			"platformSpecificPropertyValues": [],
			"events": [{
				"onEvent": "Lerp",
				"shouldTrigger": "ConstantVector1D_01_Value",
				"onEntity": "abcd02258757c307"
			}]
		},
		"abcdc118d21f3bf8": {
			"parent": "abcd86d8b1d363c5",
			"name": "Lerp 2",
			"template": "[modules:/zmathlerp.class].pc_entitytype",
			"blueprint": "[modules:/zmathlerp.class].pc_entityblueprint",
			"properties": {
				"m_fT": {
					"type": "float32",
					"value": 0
				},
				"m_B": {
					"type": "float32",
					"value": 3000
				}
			},
			"postInitProperties": {},
			"editorOnly": false,
			"platformSpecificPropertyValues": [],
			"events": [{
				"onEvent": "Lerp",
				"shouldTrigger": "DiffusePower",
				"onEntity": "abcda22d732028ea"
			}]
		},
		"abcd02258757c307": {
			"parent": "abcd86d8b1d363c5",
			"name": "VolumeLight_Glow_UFO",
			"template": "0050080F68F2F1B6",
			"blueprint": "006DCD6C7DE2EEF0",
			"properties": {
				"m_mTransform": {
					"type": "SMatrix43",
					"value": {
						"rotation": {
							"x": -180.0,
							"y": -7.016474922095671e-15,
							"z": -180.0
						},
						"position": {
							"x": 0.0,
							"y": 0.0,
							"z": 0.0
						}
					}
				},
				"ConstantVector1D_03_Value": {
					"type": "float32",
					"value": 0.07000000029802323
				},
				"m_PrimitiveScale": {
					"type": "SVector3",
					"value": {
						"x": 0.699999988079071,
						"y": 0.699999988079071,
						"z": 5
					}
				},
				"FresnelPower": {
					"type": "float32",
					"value": 0.5
				},
				"ConstantVector1D_01_Value": {
					"type": "float32",
					"value": 1000
				},
				"GlareFresnel": {
					"type": "float32",
					"value": 4
				},
				"GlareIntensity": {
					"type": "float32",
					"value": 0
				},
				"GlareScale": {
					"type": "SVector3",
					"value": {
						"x": 0.25999999046325686,
						"y": 0.25999999046325686,
						"z": 1
					}
				},
				"ConstantColorRGB_01_Value": {
					"type": "SColorRGB",
					"value": "#8acc76"
				},
				"m_bVisible": {
					"type": "bool",
					"value": false
				},
				"ConstantVector1D_04_Value": {
					"type": "float32",
					"value": 1.2000000476837159
				},
				"m_bVisibleInBoxReflection": {
					"type": "bool",
					"value": false
				},
				"m_eRoomBehaviour": {
					"type": "ZSpatialEntity.ERoomBehaviour",
					"value": "ROOM_DYNAMIC"
				},
				"ConstantVector3D_01_Value": {
					"type": "SVector3",
					"value": {
						"x": 0,
						"y": 0,
						"z": -0.03500000014901161
					}
				},
				"SoftDepthRcp": {
					"type": "float32",
					"value": 0.5
				}
			},
			"postInitProperties": {
				"m_eidParent": {
					"type": "SEntityTemplateReference",
					"value": "abcda22d732028ea"
				}
			},
			"editorOnly": false,
			"platformSpecificPropertyValues": []
		},
		"abcdec842a49ac18": {
			"parent": "abcd86d8b1d363c5",
			"name": "WaveformGenerator",
			"template": "[modules:/zwaveformgeneratorentity.class].pc_entitytype",
			"blueprint": "[modules:/zwaveformgeneratorentity.class].pc_entityblueprint",
			"properties": {
				"m_nLoopCount": {
					"type": "uint32",
					"value": 1000
				},
				"m_eCurveType": {
					"type": "ZWaveformGeneratorEntity.ECurveType",
					"value": "CURVE_TYPE_SAWTOOTH"
				},
				"m_fScale": {
					"type": "float32",
					"value": 1
				},
				"m_bInitiallyActive": {
					"type": "bool",
					"value": false
				}
			},
			"postInitProperties": {},
			"editorOnly": false,
			"platformSpecificPropertyValues": [],
			"events": [{
				"onEvent": "OnStarted",
				"shouldTrigger": "MakeVisible",
				"onEntity": "abcda22d732028ea"
			}, {
				"onEvent": "Value",
				"shouldTrigger": "T",
				"onEntity": "abcd6a56944e6bcf"
			}, {
				"onEvent": "OnStarted",
				"shouldTrigger": "MakeVisible",
				"onEntity": "abcd02258757c307"
			}, {
				"onEvent": "Value",
				"shouldTrigger": "T",
				"onEntity": "abcdc118d21f3bf8"
			}]
		},
		"abcda22d732028ea": {
			"parent": "abcd86d8b1d363c5",
			"name": "Light_UFO",
			"template": "[modules:/zlightentity.class].pc_entitytype",
			"blueprint": "[modules:/zlightentity.class].pc_entityblueprint",
			"properties": {
				"m_mTransform": {
					"type": "SMatrix43",
					"value": {
						"rotation": {
							"x": 0.0,
							"y": 0.0,
							"z": 0.0
						},
						"position": {
							"x": 0.0,
							"y": 0.0,
							"z": 0.0
						}
					}
				},
				"m_fDiffusePower": {
					"type": "float32",
					"value": 0
				},
				"m_eRoomBehaviour": {
					"type": "ZSpatialEntity.ERoomBehaviour",
					"value": "ROOM_DYNAMIC"
				},
				"m_bVisible": {
					"type": "bool",
					"value": false
				},
				"m_bVisibleInBoxReflection": {
					"type": "bool",
					"value": false
				},
				"m_diffuseColor": {
					"type": "SColorRGB",
					"value": "#8acc76"
				},
				"m_vAngularAttenuation": {
					"type": "SVector2",
					"value": {
						"x": 0,
						"y": 0.05999999865889549
					}
				},
				"m_vFarAttenuation": {
					"type": "SVector2",
					"value": {
						"x": 8,
						"y": 30
					}
				},
				"m_eidParent": {
					"type": "SEntityTemplateReference",
					"value": "12a1645ac3fcf99a"
				}
			},
			"postInitProperties": {},
			"editorOnly": false,
			"platformSpecificPropertyValues": []
		}
	},
	"overrideDeletes": [],
	"pinConnectionOverrides": [],
	"pinConnectionOverrideDeletes": [],
	"propertyOverrides": [],
	"externalScenes": [],
	"subType": 0,
	"quickEntityVersion": 2.1
}