{
	"tempHash": "00ECB24DBDE243C8",
	"tbluHash": "00C7E348A80A6E6E",
	"rootEntity": "8c971e0640085e97",
	"entities": {
		"8c971e0640085e97": {
			"parent": null,
			"name": "GeomEntity01",
			"template": "[assembly:/templates/aspectdummy.aspect]([modules:/zgeomentity.class].entitytype,[modules:/zdynamicphysicsaspect.class].entitytype,[modules:/zcollisionresourceshapeaspect.class].entitytype).pc_entitytype",
			"blueprint": "[assembly:/templates/aspectdummy.aspect]([modules:/zgeomentity.class].entitytype,[modules:/zdynamicphysicsaspect.class].entitytype,[modules:/zcollisionresourceshapeaspect.class].entitytype).pc_entityblueprint",
			"properties": {
				"m_mTransform": {
					"type": "SMatrix43",
					"value": {
						"rotation": {
							"x": 0.0,
							"y": 0.0,
							"z": 0.0
						},
						"position": {
							"x": 0.0,
							"y": 0.0,
							"z": 0.0
						}
					}
				},
				"m_eRoomBehaviour": {
					"type": "ZSpatialEntity.ERoomBehaviour",
					"value": "ROOM_DYNAMIC"
				},
				"m_fLinearDampening": {
					"type": "float32",
					"value": 0.30000001192092898
				},
				"m_fAngularDampening": {
					"type": "float32",
					"value": 0.30000001192092898
				},
				"m_fRestitution": {
					"type": "float32",
					"value": 0.05000000074505806
				},
				"m_fFriction": {
					"type": "float32",
					"value": 1
				},
				"m_ResourceID": {
					"type": "ZRuntimeResourceID",
					"value": {
						"resource": "[assembly:/_pro/environment/geometry/props/accessories/ufo.wl2?/ufo.prim].pc_prim",
						"flag": "5F"
					}
				}
			},
			"postInitProperties": {},
			"editorOnly": false,
			"platformSpecificPropertyValues": []
		}
	},
	"overrideDeletes": [],
	"pinConnectionOverrides": [],
	"pinConnectionOverrideDeletes": [],
	"propertyOverrides": [],
	"externalScenes": [],
	"subType": 0,
	"quickEntityVersion": 2.1
}