{"tempHash":"00DDCC74AD917CAA","tbluHash":"003321F66074B4AB","patch":[{"op":"add","path":"/entities/abcd061d91a11c78","value":{"parent":"594561be5ddfb63","name":"UFO Abduction","template":"[modules:/zentity.class].pc_entitytype","blueprint":"[modules:/zentity.class].pc_entityblueprint","properties":{},"postInitProperties":{},"editorOnly":false,"platformSpecificPropertyValues":[],"events":[],"inputCopying":[],"outputCopying":[]}},{"op":"add","path":"/entities/abcde1b199f91afb","value":{"parent":"abcd061d91a11c78","name":"UFO","template":"[assembly:/_pro/environment/templates/props/accessories/ufo.template?/ufo.entitytemplate].pc_entitytype","blueprint":"[assembly:/_pro/environment/templates/props/accessories/ufo.template?/ufo.entitytemplate].pc_entityblueprint","properties":{"m_mTransform":{"type":"SMatrix43","value":{"rotation":{"x":0.0,"y":0.0,"z":0.0},"position":{"x":0.0,"y":0.0,"z":8.0}}},"m_bVisible":{"type":"bool","value":false}},"postInitProperties":{"m_eidParent":{"type":"SEntityTemplateReference","value":"594561be5ddfb63"}},"editorOnly":false,"platformSpecificPropertyValues":[],"events":[],"inputCopying":[],"outputCopying":[]}},{"op":"add","path":"/entities/abcde0a12f79ae8c","value":{"parent":"abcd061d91a11c78","name":"Trigger UFO Keyword Checking Loop","template":"[modules:/zgameeventlistenerentity.class].pc_entitytype","blueprint":"[modules:/zgameeventlistenerentity.class].pc_entityblueprint","properties":{"m_eEvent":{"type":"EGameEventType","value":"GET_IntroCutEnd"}},"postInitProperties":{},"editorOnly":false,"platformSpecificPropertyValues":[],"events":[{"onEvent":"EventOccurred","shouldTrigger":"In","onEntity":"abcd385f8b9568cf"}]}},{"op":"add","path":"/entities/abcd7770caa817b3","value":{"parent":"abcd061d91a11c78","name":"Keyword_UFO_ABDUCT","template":"[modules:/zkeywordentity.class].pc_entitytype","blueprint":"[modules:/zkeywordentity.class].pc_entityblueprint","properties":{"m_sKeyword":{"type":"ZString","value":"UFO_ABDUCT"}},"postInitProperties":{},"editorOnly":false,"platformSpecificPropertyValues":[],"events":[],"inputCopying":[],"outputCopying":[]}},{"op":"add","path":"/entities/abcdc2e1573f6121","value":{"parent":"abcd061d91a11c78","name":"ActorKeywordCondition_UFO_ABDUCT","template":"[modules:/zactorkeywordcondition.class].pc_entitytype","blueprint":"[modules:/zactorkeywordcondition.class].pc_entityblueprint","properties":{"m_bUseInventory":{"type":"bool","value":false},"m_bUseItems":{"type":"bool","value":false},"m_bSubscribeToKeywordChanges":{"type":"bool","value":false},"m_rActor":{"type":"SEntityTemplateReference","value":"594561be5ddfb63"}},"postInitProperties":{"m_rRequirements":{"type":"SEntityTemplateReference","value":"abcd7770caa817b3"}},"editorOnly":false,"platformSpecificPropertyValues":[],"events":[{"onEvent":"OnFalse","shouldTrigger":"Get","onEntity":"abcd2f88c1160f5a"},{"onEvent":"OnTrue","shouldTrigger":"Poll","onEntity":"abcdad86eac5d9cd"},{"onEvent":"OnTrue","shouldTrigger":"On","onEntity":"abcd5b0bbdcf3528"},{"onEvent":"OnTrue","shouldTrigger":"Start","onEntity":"abcd5b0bbdcf3528"}]}},{"op":"add","path":"/entities/abcd385f8b9568cf","value":{"parent":"abcd061d91a11c78","name":"TimerSimple_UFO","template":"[assembly:/_pro/design/logic.template?/timersimple.entitytemplate].pc_entitytype","blueprint":"[assembly:/_pro/design/logic.template?/timersimple.entitytemplate].pc_entityblueprint","properties":{"Delay time (ms)":{"type":"int32","value":1000}},"postInitProperties":{},"editorOnly":false,"platformSpecificPropertyValues":[],"events":[{"onEvent":"Out","shouldTrigger":"Get","onEntity":"abcdc2e1573f6121"}]}},{"op":"add","path":"/entities/abcd5b0bbdcf3528","value":{"parent":"abcd061d91a11c78","name":"UFO Abduction","template":"[modules:/zsequenceentity.class].pc_entitytype","blueprint":"[modules:/zsequenceentity.class].pc_entityblueprint","properties":{"m_duration":{"type":"ZGameTime","value":{"m_nTicks":9320675}},"m_sequenceOrigin":{"type":"SEntityTemplateReference","value":"594561be5ddfb63"},"m_bFadeOutBeforeEnd":{"type":"bool","value":false},"m_startTime":{"type":"ZGameTime","value":{"m_nTicks":0}}},"postInitProperties":{"m_aTracksAndGroups":{"type":"TArray<SEntityTemplateReference>","value":["abcd727daa27fde3"]}},"editorOnly":false,"platformSpecificPropertyValues":[],"events":[{"onEvent":"OnStart","shouldTrigger":"Execute","onEntity":"abcd85e70b1f989d"},{"onEvent":"OnStart","shouldTrigger":"Start","onEntity":"abcde1b199f91afb"},{"onEvent":"OnStart","shouldTrigger":"Start","onEntity":"abcdf1bf30682d88"},{"onEvent":"OnStart","shouldTrigger":"SetTrue","onEntity":"abcd02ff116e01b3"},{"onEvent":"Stopped","shouldTrigger":"KillNotHitman","onEntity":"abcd5ed6c67fc906"},{"onEvent":"Stopped","shouldTrigger":"Disable","onEntity":"abcd5ed6c67fc906"},{"onEvent":"OnStart","shouldTrigger":"Send","onEntity":"abcdadc6037765b8"},{"onEvent":"Stopped","shouldTrigger":"Stop","onEntity":"abcdadc6037765b8"}]}},{"op":"add","path":"/entities/abcd727daa27fde3","value":{"parent":"abcd5b0bbdcf3528","name":"EntityTrack_ Agent47_Default","template":"[modules:/zentitygroup.class].pc_entitytype","blueprint":"[modules:/zentitygroup.class].pc_entityblueprint","properties":{"m_targetEntity":{"type":"SEntityTemplateReference","value":"594561be5ddfb63"}},"postInitProperties":{"m_aTracksAndGroups":{"type":"TArray<SEntityTemplateReference>","value":["abcd06fe2722e8af"]}},"editorOnly":false,"platformSpecificPropertyValues":[]}},{"op":"add","path":"/entities/abcd06fe2722e8af","value":{"parent":"abcd727daa27fde3","name":"MorphemeBoneTrack","template":"[modules:/zmorphemebonetrack.class].pc_entitytype","blueprint":"[modules:/zmorphemebonetrack.class].pc_entityblueprint","properties":{"m_entityGroup":{"type":"SEntityTemplateReference","value":"abcd727daa27fde3"},"m_sSlotName":{"type":"ZString","value":"FullBody"},"m_bUpperBody":{"type":"bool","value":false},"m_aItems":{"type":"TArray<SEntityTemplateReference>","value":["abcd5ae6fcc50c1b"]}},"postInitProperties":{},"editorOnly":false,"platformSpecificPropertyValues":[]}},{"op":"add","path":"/entities/abcd5ae6fcc50c1b","value":{"parent":"abcd06fe2722e8af","name":"BoneResourceItem","template":"[modules:/zmorphemebonesource.class].pc_entitytype","blueprint":"[modules:/zmorphemebonesource.class].pc_entityblueprint","properties":{"m_startTime":{"type":"ZGameTime","value":{"m_nTicks":0}},"m_duration":{"type":"ZGameTime","value":{"m_nTicks":9320675}},"m_animationResourceID":{"type":"ZRuntimeResourceID","value":{"resource":"00608EF02A57351E","flag":"5F"}}},"postInitProperties":{},"editorOnly":false,"platformSpecificPropertyValues":[]}},{"op":"add","path":"/entities/abcdf1bf30682d88","value":{"parent":"abcd061d91a11c78","name":"NPC Freaking Out 1","template":"[modules:/zspeakentity_sounddef.class].pc_entitytype","blueprint":"[modules:/zspeakentity_sounddef.class].pc_entityblueprint","properties":{"m_eSoundDef":{"type":"EActorSoundDefs","value":"Dth_SrpsGrab"}},"postInitProperties":{"m_rActor":{"type":"SEntityTemplateReference","value":"594561be5ddfb63"}},"editorOnly":false,"platformSpecificPropertyValues":[],"events":[{"onEvent":"Completed","shouldTrigger":"Start","onEntity":"abcddbb4f4594e96"}],"inputCopying":[],"outputCopying":[]}},{"op":"add","path":"/entities/abcd5ed6c67fc906","value":{"parent":"abcd061d91a11c78","name":"ActorProxy","template":"[modules:/zactorproxyentity.class].pc_entitytype","blueprint":"[modules:/zactorproxyentity.class].pc_entityblueprint","properties":{},"postInitProperties":{"m_rActor":{"type":"SEntityTemplateReference","value":"594561be5ddfb63"}},"editorOnly":false,"platformSpecificPropertyValues":[]}},{"op":"add","path":"/entities/abcd85e70b1f989d","value":{"parent":"abcd061d91a11c78","name":"DisableActorBehaviorSelectionForever","template":"[modules:/zdisableactorbehaviorselectionforever.class].pc_entitytype","blueprint":"[modules:/zdisableactorbehaviorselectionforever.class].pc_entityblueprint","properties":{"m_Actor":{"type":"SEntityTemplateReference","value":"594561be5ddfb63"}},"postInitProperties":{},"editorOnly":false,"platformSpecificPropertyValues":[]}},{"op":"add","path":"/entities/abcddbb4f4594e96","value":{"parent":"abcd061d91a11c78","name":"NPC Freaking Out 2","template":"[modules:/zspeakentity_sounddef.class].pc_entitytype","blueprint":"[modules:/zspeakentity_sounddef.class].pc_entityblueprint","properties":{"m_eSoundDef":{"type":"EActorSoundDefs","value":"Dth_SrpsGrab"}},"postInitProperties":{"m_rActor":{"type":"SEntityTemplateReference","value":"594561be5ddfb63"}},"editorOnly":false,"platformSpecificPropertyValues":[],"events":[{"onEvent":"Completed","shouldTrigger":"Start","onEntity":"abcd85bba1e842bf"}],"inputCopying":[],"outputCopying":[]}},{"op":"add","path":"/entities/abcd85bba1e842bf","value":{"parent":"abcd061d91a11c78","name":"NPC Freaking Out 3","template":"[modules:/zspeakentity_sounddef.class].pc_entitytype","blueprint":"[modules:/zspeakentity_sounddef.class].pc_entityblueprint","properties":{"m_eSoundDef":{"type":"EActorSoundDefs","value":"Dth_SrpsGrab"}},"postInitProperties":{"m_rActor":{"type":"SEntityTemplateReference","value":"594561be5ddfb63"}},"editorOnly":false,"platformSpecificPropertyValues":[],"events":[],"inputCopying":[],"outputCopying":[]}},{"op":"add","path":"/entities/abcd02ff116e01b3","value":{"parent":"abcd061d91a11c78","name":"Set UFO m_bVisible to value","template":"[modules:/zvaluebool_set.class].pc_entitytype","blueprint":"[modules:/zvaluebool_set.class].pc_entityblueprint","properties":{"m_rValueEntity":{"type":"SEntityTemplateReference","value":"abcd69508ce9918e"}},"postInitProperties":{},"editorOnly":false,"platformSpecificPropertyValues":[]}},{"op":"add","path":"/entities/abcd69508ce9918e","value":{"parent":"abcd061d91a11c78","name":"Set UFO m_bVisible","template":"[modules:/zvaluebool_entityproperty.class].pc_entitytype","blueprint":"[modules:/zvaluebool_entityproperty.class].pc_entityblueprint","properties":{"m_rEntity":{"type":"SEntityTemplateReference","value":"abcde1b199f91afb"},"m_sPropertyName":{"type":"ZString","value":"m_bVisible"}},"postInitProperties":{},"editorOnly":false,"platformSpecificPropertyValues":[]}},{"op":"add","path":"/entities/abcdcb5c331ada1c","value":{"parent":"abcd061d91a11c78","name":"UFO Sound Emitter","template":"[assembly:/templates/sound/wwise/soundentities.template?/2daudioemitter.entitytemplate].pc_entitytype","blueprint":"[assembly:/templates/sound/wwise/soundentities.template?/2daudioemitter.entitytemplate].pc_entityblueprint","properties":{},"postInitProperties":{},"editorOnly":false,"platformSpecificPropertyValues":[]}},{"op":"add","path":"/entities/abcdadc6037765b8","value":{"parent":"abcd061d91a11c78","name":"UFO Music Event","template":"[modules:/zmusicevententity.class].pc_entitytype","blueprint":"[modules:/zmusicevententity.class].pc_entityblueprint","properties":{"m_pEmitter":{"type":"SEntityTemplateReference","value":"abcdcb5c331ada1c"},"m_pMainEvent":{"type":"ZRuntimeResourceID","value":{"resource":"0052B814FE1EEF0C","flag":"5F"}}},"postInitProperties":{},"editorOnly":false,"platformSpecificPropertyValues":[],"events":[]}},{"op":"add","path":"/entities/abcddac3760bb494","value":{"parent":"abcd061d91a11c78","name":"Keyword_UFO_BURN","template":"[modules:/zkeywordentity.class].pc_entitytype","blueprint":"[modules:/zkeywordentity.class].pc_entityblueprint","properties":{"m_sKeyword":{"type":"ZString","value":"UFO_BURN"}},"postInitProperties":{},"editorOnly":false,"platformSpecificPropertyValues":[],"events":[],"inputCopying":[],"outputCopying":[]}},{"op":"add","path":"/entities/abcde1118603721d","value":{"parent":"abcd061d91a11c78","name":"Keyword_UFO_ELECTROCUTE","template":"[modules:/zkeywordentity.class].pc_entitytype","blueprint":"[modules:/zkeywordentity.class].pc_entityblueprint","properties":{"m_sKeyword":{"type":"ZString","value":"UFO_ELECTROCUTE"}},"postInitProperties":{},"editorOnly":false,"platformSpecificPropertyValues":[],"events":[],"inputCopying":[],"outputCopying":[]}},{"op":"add","path":"/entities/abcdf192ebc4df70","value":{"parent":"abcd061d91a11c78","name":"Keyword_UFO_SICKEN","template":"[modules:/zkeywordentity.class].pc_entitytype","blueprint":"[modules:/zkeywordentity.class].pc_entityblueprint","properties":{"m_sKeyword":{"type":"ZString","value":"UFO_SICKEN"}},"postInitProperties":{},"editorOnly":false,"platformSpecificPropertyValues":[],"events":[],"inputCopying":[],"outputCopying":[]}},{"op":"add","path":"/entities/abcd2f88c1160f5a","value":{"parent":"abcd061d91a11c78","name":"ActorKeywordCondition_UFO_BURN","template":"[modules:/zactorkeywordcondition.class].pc_entitytype","blueprint":"[modules:/zactorkeywordcondition.class].pc_entityblueprint","properties":{"m_bUseInventory":{"type":"bool","value":false},"m_bUseItems":{"type":"bool","value":false},"m_bSubscribeToKeywordChanges":{"type":"bool","value":false},"m_rActor":{"type":"SEntityTemplateReference","value":"594561be5ddfb63"}},"postInitProperties":{"m_rRequirements":{"type":"SEntityTemplateReference","value":"abcddac3760bb494"}},"editorOnly":false,"platformSpecificPropertyValues":[],"events":[{"onEvent":"OnFalse","shouldTrigger":"Get","onEntity":"abcd631ad5f6418b"},{"onEvent":"OnTrue","shouldTrigger":"Poll","onEntity":"abcdde7b783f067d"},{"onEvent":"OnTrue","shouldTrigger":"Start","onEntity":"abcde1b199f91afb"},{"onEvent":"OnTrue","shouldTrigger":"SetTrue","onEntity":"abcd02ff116e01b3"},{"onEvent":"OnTrue","shouldTrigger":"Pick","onEntity":"abcd5d21df7dbf27"},{"onEvent":"OnTrue","shouldTrigger":"Send","onEntity":"abcdadc6037765b8"},{"onEvent":"OnTrue","shouldTrigger":"In","onEntity":"abcdab9019a1ecce"}]}},{"op":"add","path":"/entities/abcd631ad5f6418b","value":{"parent":"abcd061d91a11c78","name":"ActorKeywordCondition_UFO_ELECTROCUTE","template":"[modules:/zactorkeywordcondition.class].pc_entitytype","blueprint":"[modules:/zactorkeywordcondition.class].pc_entityblueprint","properties":{"m_bUseInventory":{"type":"bool","value":false},"m_bUseItems":{"type":"bool","value":false},"m_bSubscribeToKeywordChanges":{"type":"bool","value":false},"m_rActor":{"type":"SEntityTemplateReference","value":"594561be5ddfb63"}},"postInitProperties":{"m_rRequirements":{"type":"SEntityTemplateReference","value":"abcde1118603721d"}},"editorOnly":false,"platformSpecificPropertyValues":[],"events":[{"onEvent":"OnFalse","shouldTrigger":"Get","onEntity":"abcdda8b8d47abf9"},{"onEvent":"OnTrue","shouldTrigger":"Poll","onEntity":"abcd537054d1e9fd"},{"onEvent":"OnTrue","shouldTrigger":"Start","onEntity":"abcde1b199f91afb"},{"onEvent":"OnTrue","shouldTrigger":"SetTrue","onEntity":"abcd02ff116e01b3"},{"onEvent":"OnTrue","shouldTrigger":"Pick","onEntity":"abcd9f009898db5c"},{"onEvent":"OnTrue","shouldTrigger":"Send","onEntity":"abcdadc6037765b8"},{"onEvent":"OnTrue","shouldTrigger":"In","onEntity":"abcdab9019a1ecce"}]}},{"op":"add","path":"/entities/abcdda8b8d47abf9","value":{"parent":"abcd061d91a11c78","name":"ActorKeywordCondition_UFO_SICKEN","template":"[modules:/zactorkeywordcondition.class].pc_entitytype","blueprint":"[modules:/zactorkeywordcondition.class].pc_entityblueprint","properties":{"m_bUseInventory":{"type":"bool","value":false},"m_bUseItems":{"type":"bool","value":false},"m_bSubscribeToKeywordChanges":{"type":"bool","value":false},"m_rActor":{"type":"SEntityTemplateReference","value":"594561be5ddfb63"}},"postInitProperties":{"m_rRequirements":{"type":"SEntityTemplateReference","value":"abcdf192ebc4df70"}},"editorOnly":false,"platformSpecificPropertyValues":[],"events":[{"onEvent":"OnFalse","shouldTrigger":"In","onEntity":"abcd385f8b9568cf"},{"onEvent":"OnTrue","shouldTrigger":"Poll","onEntity":"abcdad86eac5d9cd"},{"onEvent":"OnTrue","shouldTrigger":"Start","onEntity":"abcde1b199f91afb"},{"onEvent":"OnTrue","shouldTrigger":"SetTrue","onEntity":"abcd02ff116e01b3"},{"onEvent":"OnTrue","shouldTrigger":"Pick","onEntity":"abcdb05789341cbc"},{"onEvent":"OnTrue","shouldTrigger":"Send","onEntity":"abcdadc6037765b8"},{"onEvent":"OnTrue","shouldTrigger":"In","onEntity":"abcdab9019a1ecce"}]}},{"op":"add","path":"/entities/abcd152035187a0c","value":{"parent":"abcd31e5afe640e4","name":"UFO Color Red","template":"[modules:/zvaluecolorrgb.class].pc_entitytype","blueprint":"[modules:/zvaluecolorrgb.class].pc_entityblueprint","properties":{"m_Value":{"type":"SColorRGB","value":"#d47474"}},"postInitProperties":{},"editorOnly":false,"platformSpecificPropertyValues":[]}},{"op":"add","path":"/entities/abcd2a2a30d7a4b5","value":{"parent":"abcd31e5afe640e4","name":"UFO Color Green","template":"[modules:/zvaluecolorrgb.class].pc_entitytype","blueprint":"[modules:/zvaluecolorrgb.class].pc_entityblueprint","properties":{"m_Value":{"type":"SColorRGB","value":"#8acc76"}},"postInitProperties":{},"editorOnly":false,"platformSpecificPropertyValues":[]}},{"op":"add","path":"/entities/abcd313cedc2562e","value":{"parent":"abcd31e5afe640e4","name":"UFO Color Blue","template":"[modules:/zvaluecolorrgb.class].pc_entitytype","blueprint":"[modules:/zvaluecolorrgb.class].pc_entityblueprint","properties":{"m_Value":{"type":"SColorRGB","value":"#748ed4"}},"postInitProperties":{},"editorOnly":false,"platformSpecificPropertyValues":[]}},{"op":"add","path":"/entities/abcd395cfea366f4","value":{"parent":"abcd31e5afe640e4","name":"ValueColorRGB_Set UFO Blue","template":"[assembly:/_pro/design/logic/valuecolorrgb.template?/valuecolorrgb_set.entitytemplate].pc_entitytype","blueprint":"[assembly:/_pro/design/logic/valuecolorrgb.template?/valuecolorrgb_set.entitytemplate].pc_entityblueprint","properties":{"m_aValueEntities":{"type":"TArray<SEntityTemplateReference>","value":["abcd3e7d70960ebc"]}},"postInitProperties":{},"editorOnly":false,"platformSpecificPropertyValues":[]}},{"op":"add","path":"/entities/abcd88edc4a02939","value":{"parent":"abcd31e5afe640e4","name":"ValueColorRGB_Set UFO Green","template":"[assembly:/_pro/design/logic/valuecolorrgb.template?/valuecolorrgb_set.entitytemplate].pc_entitytype","blueprint":"[assembly:/_pro/design/logic/valuecolorrgb.template?/valuecolorrgb_set.entitytemplate].pc_entityblueprint","properties":{"m_aValueEntities":{"type":"TArray<SEntityTemplateReference>","value":["abcd22eabe769756"]}},"postInitProperties":{},"editorOnly":false,"platformSpecificPropertyValues":[]}},{"op":"add","path":"/entities/abcda096831472e7","value":{"parent":"abcd31e5afe640e4","name":"ValueColorRGB_Set UFO Red","template":"[assembly:/_pro/design/logic/valuecolorrgb.template?/valuecolorrgb_set.entitytemplate].pc_entitytype","blueprint":"[assembly:/_pro/design/logic/valuecolorrgb.template?/valuecolorrgb_set.entitytemplate].pc_entityblueprint","properties":{"m_aValueEntities":{"type":"TArray<SEntityTemplateReference>","value":["abcddf37465fec04"]}},"postInitProperties":{},"editorOnly":false,"platformSpecificPropertyValues":[]}},{"op":"add","path":"/entities/abcd3e7d70960ebc","value":{"parent":"abcd31e5afe640e4","name":"ValueColorRGB_EntityProperty UFO Blue","template":"[modules:/zvaluecolorrgb_entityproperty.class].pc_entitytype","blueprint":"[modules:/zvaluecolorrgb_entityproperty.class].pc_entityblueprint","properties":{"m_sPropertyName":{"type":"ZString","value":"Color"}},"postInitProperties":{"m_rEntity":{"type":"SEntityTemplateReference","value":"abcde1b199f91afb"}},"editorOnly":false,"platformSpecificPropertyValues":[]}},{"op":"add","path":"/entities/abcd22eabe769756","value":{"parent":"abcd31e5afe640e4","name":"ValueColorRGB_EntityProperty UFO Green","template":"[modules:/zvaluecolorrgb_entityproperty.class].pc_entitytype","blueprint":"[modules:/zvaluecolorrgb_entityproperty.class].pc_entityblueprint","properties":{"m_sPropertyName":{"type":"ZString","value":"Color"}},"postInitProperties":{"m_rEntity":{"type":"SEntityTemplateReference","value":"abcde1b199f91afb"}},"editorOnly":false,"platformSpecificPropertyValues":[]}},{"op":"add","path":"/entities/abcddf37465fec04","value":{"parent":"abcd31e5afe640e4","name":"ValueColorRGB_EntityProperty UFO Red","template":"[modules:/zvaluecolorrgb_entityproperty.class].pc_entitytype","blueprint":"[modules:/zvaluecolorrgb_entityproperty.class].pc_entityblueprint","properties":{"m_sPropertyName":{"type":"ZString","value":"Color"}},"postInitProperties":{"m_rEntity":{"type":"SEntityTemplateReference","value":"abcde1b199f91afb"}},"editorOnly":false,"platformSpecificPropertyValues":[]}},{"op":"add","path":"/entities/abcd31e5afe640e4","value":{"parent":"abcd061d91a11c78","name":"Set UFO Color","template":"[modules:/zentity.class].pc_entitytype","blueprint":"[modules:/zentity.class].pc_entityblueprint","properties":{},"postInitProperties":{},"editorOnly":false,"platformSpecificPropertyValues":[],"events":[],"inputCopying":[],"outputCopying":[]}},{"op":"add","path":"/entities/abcdad86eac5d9cd","value":{"parent":"abcd31e5afe640e4","name":"ValueColorRGB_Poll UFO Green","template":"[modules:/zvaluecolorrgb_poll.class].pc_entitytype","blueprint":"[modules:/zvaluecolorrgb_poll.class].pc_entityblueprint","properties":{"m_rValueEntity":{"type":"SEntityTemplateReference","value":"abcd2a2a30d7a4b5"}},"postInitProperties":{},"editorOnly":false,"platformSpecificPropertyValues":[],"events":[{"onEvent":"PollValue","shouldTrigger":"SetValue","onEntity":"abcd88edc4a02939"}]}},{"op":"add","path":"/entities/abcd537054d1e9fd","value":{"parent":"abcd31e5afe640e4","name":"ValueColorRGB_Poll UFO Blue","template":"[modules:/zvaluecolorrgb_poll.class].pc_entitytype","blueprint":"[modules:/zvaluecolorrgb_poll.class].pc_entityblueprint","properties":{"m_rValueEntity":{"type":"SEntityTemplateReference","value":"abcd313cedc2562e"}},"postInitProperties":{},"editorOnly":false,"platformSpecificPropertyValues":[],"events":[{"onEvent":"PollValue","shouldTrigger":"SetValue","onEntity":"abcd395cfea366f4"}]}},{"op":"add","path":"/entities/abcdde7b783f067d","value":{"parent":"abcd31e5afe640e4","name":"ValueColorRGB_Poll UFO Red","template":"[modules:/zvaluecolorrgb_poll.class].pc_entitytype","blueprint":"[modules:/zvaluecolorrgb_poll.class].pc_entityblueprint","properties":{"m_rValueEntity":{"type":"SEntityTemplateReference","value":"abcd152035187a0c"}},"postInitProperties":{},"editorOnly":false,"platformSpecificPropertyValues":[],"events":[{"onEvent":"PollValue","shouldTrigger":"SetValue","onEntity":"abcda096831472e7"}]}},{"op":"add","path":"/entities/abcd0030db75b140","value":{"parent":"abcd061d91a11c78","name":"UFO Burning","template":"[modules:/zentity.class].pc_entitytype","blueprint":"[modules:/zentity.class].pc_entityblueprint","properties":{},"postInitProperties":{},"editorOnly":false,"platformSpecificPropertyValues":[],"events":[],"inputCopying":[],"outputCopying":[]}},{"op":"add","path":"/entities/abcd5d21df7dbf27","value":{"parent":"abcd0030db75b140","name":"ActorPicker","template":"[modules:/zactorpicker.class].pc_entitytype","blueprint":"[modules:/zactorpicker.class].pc_entityblueprint","properties":{"m_aVolumes":{"type":"TArray<SEntityTemplateReference>","value":["abcd1f7a3864517f"]},"m_aEnterEffects":{"type":"TArray<SEntityTemplateReference>","value":["abcd31aa351284c9"]},"m_bOnlyLivingActors":{"type":"bool","value":true}},"postInitProperties":{},"editorOnly":false,"platformSpecificPropertyValues":[]}},{"op":"add","path":"/entities/abcd1f7a3864517f","value":{"parent":"abcd0030db75b140","name":"VolumeBox","template":"[modules:/zboxvolumeentity.class].pc_entitytype","blueprint":"[modules:/zboxvolumeentity.class].pc_entityblueprint","properties":{"m_mTransform":{"type":"SMatrix43","value":{"rotation":{"x":0.0,"y":0.0,"z":0.0},"position":{"x":0.0,"y":0.0,"z":0.0}}},"m_vGlobalSize":{"type":"SVector3","value":{"x":0.1,"y":0.1,"z":0.1}}},"postInitProperties":{"m_eidParent":{"type":"SEntityTemplateReference","value":"594561be5ddfb63"}},"editorOnly":false,"platformSpecificPropertyValues":[]}},{"op":"add","path":"/entities/abcd31aa351284c9","value":{"parent":"abcd0030db75b140","name":"ActorPickerEffectDrama","template":"[modules:/zactorpickereffectdrama.class].pc_entitytype","blueprint":"[modules:/zactorpickereffectdrama.class].pc_entityblueprint","properties":{"m_pDramaTemplate":{"type":"ZRuntimeResourceID","value":{"resource":"[assembly:/_pro/design/gamecore/deatheffects.template?/deathanimstand_burn.entitytemplate].pc_entitytemplate","flag":"5F"}}},"postInitProperties":{},"editorOnly":false,"platformSpecificPropertyValues":[]}},{"op":"add","path":"/entities/abcd356c83bd3923","value":{"parent":"abcd061d91a11c78","name":"UFO Electrocution","template":"[modules:/zentity.class].pc_entitytype","blueprint":"[modules:/zentity.class].pc_entityblueprint","properties":{},"postInitProperties":{},"editorOnly":false,"platformSpecificPropertyValues":[],"events":[],"inputCopying":[],"outputCopying":[]}},{"op":"add","path":"/entities/abcd9f009898db5c","value":{"parent":"abcd356c83bd3923","name":"ActorPicker","template":"[modules:/zactorpicker.class].pc_entitytype","blueprint":"[modules:/zactorpicker.class].pc_entityblueprint","properties":{"m_aVolumes":{"type":"TArray<SEntityTemplateReference>","value":["abcd13e634f5cd33"]},"m_aEnterEffects":{"type":"TArray<SEntityTemplateReference>","value":["abcd780a342e5937"]},"m_bOnlyLivingActors":{"type":"bool","value":true}},"postInitProperties":{},"editorOnly":false,"platformSpecificPropertyValues":[]}},{"op":"add","path":"/entities/abcd13e634f5cd33","value":{"parent":"abcd356c83bd3923","name":"VolumeBox","template":"[modules:/zboxvolumeentity.class].pc_entitytype","blueprint":"[modules:/zboxvolumeentity.class].pc_entityblueprint","properties":{"m_mTransform":{"type":"SMatrix43","value":{"rotation":{"x":0.0,"y":0.0,"z":0.0},"position":{"x":0.0,"y":0.0,"z":0.0}}},"m_vGlobalSize":{"type":"SVector3","value":{"x":0.1,"y":0.1,"z":0.1}}},"postInitProperties":{"m_eidParent":{"type":"SEntityTemplateReference","value":"594561be5ddfb63"}},"editorOnly":false,"platformSpecificPropertyValues":[]}},{"op":"add","path":"/entities/abcd780a342e5937","value":{"parent":"abcd356c83bd3923","name":"ActorPickerEffectDrama","template":"[modules:/zactorpickereffectdrama.class].pc_entitytype","blueprint":"[modules:/zactorpickereffectdrama.class].pc_entityblueprint","properties":{"m_pDramaTemplate":{"type":"ZRuntimeResourceID","value":{"resource":"[assembly:/_pro/design/gamecore/deatheffects.template?/deathanimstand_electric.entitytemplate].pc_entitytemplate","flag":"5F"}}},"postInitProperties":{},"editorOnly":false,"platformSpecificPropertyValues":[]}},{"op":"add","path":"/entities/abcde7a48ed95129","value":{"parent":"abcd061d91a11c78","name":"UFO Sicken","template":"[modules:/zentity.class].pc_entitytype","blueprint":"[modules:/zentity.class].pc_entityblueprint","properties":{},"postInitProperties":{},"editorOnly":false,"platformSpecificPropertyValues":[],"events":[],"inputCopying":[],"outputCopying":[]}},{"op":"add","path":"/entities/abcdb05789341cbc","value":{"parent":"abcde7a48ed95129","name":"ActorPicker","template":"[modules:/zactorpicker.class].pc_entitytype","blueprint":"[modules:/zactorpicker.class].pc_entityblueprint","properties":{"m_aVolumes":{"type":"TArray<SEntityTemplateReference>","value":["abcdd9889236122b"]},"m_aEnterEffects":{"type":"TArray<SEntityTemplateReference>","value":["abcd0cb4b08a5ad5"]},"m_bOnlyLivingActors":{"type":"bool","value":true}},"postInitProperties":{},"editorOnly":false,"platformSpecificPropertyValues":[]}},{"op":"add","path":"/entities/abcdd9889236122b","value":{"parent":"abcde7a48ed95129","name":"VolumeBox","template":"[modules:/zboxvolumeentity.class].pc_entitytype","blueprint":"[modules:/zboxvolumeentity.class].pc_entityblueprint","properties":{"m_mTransform":{"type":"SMatrix43","value":{"rotation":{"x":0.0,"y":0.0,"z":0.0},"position":{"x":0.0,"y":0.0,"z":0.0}}},"m_vGlobalSize":{"type":"SVector3","value":{"x":0.1,"y":0.1,"z":0.1}}},"postInitProperties":{"m_eidParent":{"type":"SEntityTemplateReference","value":"594561be5ddfb63"}},"editorOnly":false,"platformSpecificPropertyValues":[]}},{"op":"add","path":"/entities/abcd0cb4b08a5ad5","value":{"parent":"abcde7a48ed95129","name":"ActorPickerEffectDrama","template":"[modules:/zactorpickereffectdrama.class].pc_entitytype","blueprint":"[modules:/zactorpickereffectdrama.class].pc_entityblueprint","properties":{"m_pDramaTemplate":{"type":"ZRuntimeResourceID","value":{"resource":"[assembly:/_pro/design/gamecore/deatheffects.template?/animstand_poison_sick_btoverride.entitytemplate].pc_entitytemplate","flag":"5F"}}},"postInitProperties":{},"editorOnly":false,"platformSpecificPropertyValues":[]}},{"op":"add","path":"/entities/abcdab9019a1ecce","value":{"parent":"abcd061d91a11c78","name":"Remove UFO After Act","template":"[assembly:/_pro/design/logic.template?/timersimple.entitytemplate].pc_entitytype","blueprint":"[assembly:/_pro/design/logic.template?/timersimple.entitytemplate].pc_entityblueprint","properties":{"Delay time (ms)":{"type":"int32","value":8888}},"postInitProperties":{},"editorOnly":false,"platformSpecificPropertyValues":[],"events":[{"onEvent":"Out","shouldTrigger":"Stop","onEntity":"abcdadc6037765b8"},{"onEvent":"Out","shouldTrigger":"SetFalse","onEntity":"abcd02ff116e01b3"}]}}],"patchVersion":4}